date,IMOEX,key_rate,key_rate_delta
2013-09-18,0.015260181698753428,5.5,0.0
2013-09-19,0.004544677470780023,5.5,0.0
2013-09-20,-0.022294420708771412,5.5,0.0
2013-09-23,-0.008379003779528382,5.5,0.0
2013-09-24,0.025071548056457615,5.5,0.0
2013-09-25,-0.03610018865089604,5.5,0.0
2013-09-26,-0.006133689432842537,5.5,0.0
2013-09-27,0.01928904388058239,5.5,0.0
2013-09-30,-0.012701106033976117,5.5,0.0
2013-10-01,-0.00988329227433038,5.5,0.0
2013-10-02,-0.001120634534053977,5.5,0.0
2013-10-03,0.02267084439186462,5.5,0.0
2013-10-04,-0.009283529950269376,5.5,0.0
2013-10-07,-0.006359729394691094,5.5,0.0
2013-10-08,-0.006215269134277612,5.5,0.0
2013-10-09,0.03338895124088115,5.5,0.0
2013-10-10,0.033101791334607,5.5,0.0
2013-10-11,0.015360808468183329,5.5,0.0
2013-10-14,0.006092795987622246,5.5,0.0
2013-10-15,0.011360528638443945,5.5,0.0
2013-10-16,0.02266098042226261,5.5,0.0
2013-10-17,-0.013737508026036238,5.5,0.0
2013-10-18,0.01793743567173145,5.5,0.0
2013-10-21,-0.01850821001623526,5.5,0.0
2013-10-22,-0.009266272536801345,5.5,0.0
2013-10-23,0.01390657793700445,5.5,0.0
2013-10-24,-0.021130210503389257,5.5,0.0
2013-10-25,-0.001801030802830006,5.5,0.0
2013-10-28,-0.01262632343789516,5.5,0.0
2013-10-29,-0.0035342905579591744,5.5,0.0
2013-10-30,-0.04167883658191052,5.5,0.0
2013-10-31,-0.02627299656764759,5.5,0.0
2013-11-01,-0.010198158518969436,5.5,0.0
2013-11-04,0.01421193647637864,5.5,0.0
2013-11-05,-0.002304535241853145,5.5,0.0
2013-11-06,0.0003426887384527788,5.5,0.0
2013-11-07,0.01062334066653392,5.5,0.0
2013-11-08,-0.012893045145135673,5.5,0.0
2013-11-11,0.004554409857108865,5.5,0.0
2013-11-12,-0.011780497770983445,5.5,0.0
2013-11-13,-0.02561504241180934,5.5,0.0
2013-11-14,-0.005563496906326293,5.5,0.0
2013-11-15,0.008907087936075975,5.5,0.0
2013-11-18,0.005378835764996204,5.5,0.0
2013-11-19,0.00012254258281796382,5.5,0.0
2013-11-20,0.03618547898906588,5.5,0.0
2013-11-21,0.006493682404631329,5.5,0.0
2013-11-22,0.014981040089060649,5.5,0.0
2013-11-25,0.03387215007746924,5.5,0.0
2013-11-26,-0.019111279847418672,5.5,0.0
2013-11-27,-0.01528182315307447,5.5,0.0
2013-11-28,0.02645568337684434,5.5,0.0
2013-11-29,-0.011670941028616433,5.5,0.0
2013-12-02,0.0007452484545504845,5.5,0.0
2013-12-03,0.01633973954136536,5.5,0.0
2013-12-04,0.013660595869397163,5.5,0.0
2013-12-05,0.026623292729716752,5.5,0.0
2013-12-06,0.022734662055501786,5.5,0.0
2013-12-09,0.016340890045586143,5.5,0.0
2013-12-10,-0.011290630713707728,5.5,0.0
2013-12-11,0.012222940016898498,5.5,0.0
2013-12-12,0.005014079917602388,5.5,0.0
2013-12-13,-0.01959398189910644,5.5,0.0
2013-12-16,0.021559485697152603,5.5,0.0
2013-12-17,0.012408548018679078,5.5,0.0
2013-12-18,0.0009823512094655484,5.5,0.0
2013-12-19,-0.0031963809147654842,5.5,0.0
2013-12-20,-0.01767451717051216,5.5,0.0
2013-12-23,0.003292861103379785,5.5,0.0
2013-12-24,0.0073265867916845195,5.5,0.0
2013-12-25,-0.012167324763649567,5.5,0.0
2013-12-26,0.017733060736492945,5.5,0.0
2013-12-27,-0.016158045697244994,5.5,0.0
2013-12-30,-0.031546505250636514,5.5,0.0
2013-12-31,0.01589590636339011,5.5,0.0
2014-01-01,-0.005750490571531763,5.5,0.0
2014-01-02,-0.0015904437796949722,5.5,0.0
2014-01-03,-0.012262750842375603,5.5,0.0
2014-01-06,-0.023789441410761114,5.5,0.0
2014-01-07,0.019128560620862878,5.5,0.0
2014-01-08,-0.01003303475770334,5.5,0.0
2014-01-09,0.02521428732221853,5.5,0.0
2014-01-10,0.012409622793160935,5.5,0.0
2014-01-13,-0.004421372200761553,5.5,0.0
2014-01-14,-0.015988536016902977,5.5,0.0
2014-01-15,-0.010686929800806766,5.5,0.0
2014-01-16,-0.017887846966427645,5.5,0.0
2014-01-17,0.03160670039382296,5.5,0.0
2014-01-20,0.002766618453446945,5.5,0.0
2014-01-21,0.01755308313819981,5.5,0.0
2014-01-22,-0.018710280735153795,5.5,0.0
2014-01-23,0.003015526943955571,5.5,0.0
2014-01-24,0.017967929082128187,5.5,0.0
2014-01-27,-0.0047251614289951505,5.5,0.0
2014-01-28,0.01576671688382625,5.5,0.0
2014-01-29,-0.01596851868008642,5.5,0.0
2014-01-30,-0.020152073169279028,5.5,0.0
2014-01-31,0.0059910091811721244,5.5,0.0
2014-02-03,-0.0053876465185878075,5.5,0.0
2014-02-04,0.009930820339077329,5.5,0.0
2014-02-05,-0.029368318972807117,5.5,0.0
2014-02-06,0.010983969532057714,5.5,0.0
2014-02-07,0.03927455890903975,5.5,0.0
2014-02-10,-6.938972147185751e-05,5.5,0.0
2014-02-11,0.0008121319336478194,5.5,0.0
2014-02-12,0.0029932422695804206,5.5,0.0
2014-02-13,-0.02762963566187704,5.5,0.0
2014-02-14,0.006692199595354609,5.5,0.0
2014-02-17,-0.023781146160239963,5.5,0.0
2014-02-18,-0.0061151939718566695,5.5,0.0
2014-02-19,0.018943043244055602,5.5,0.0
2014-02-20,-0.010728254341501042,5.5,0.0
2014-02-21,0.007818734843511699,5.5,0.0
2014-02-24,0.015491085809345329,5.5,0.0
2014-02-25,0.004481112841439483,5.5,0.0
2014-02-26,-0.020264227051418615,5.5,0.0
2014-02-27,-0.004687129130271472,5.5,0.0
2014-02-28,0.02969117013582423,5.5,0.0
2014-03-03,-0.042075686444961846,7.0,1.5
2014-03-04,-0.0038367902079929905,7.0,0.0
2014-03-05,-0.007981621072321587,7.0,0.0
2014-03-06,0.0021112104464577897,7.0,0.0
2014-03-07,0.011523234257808213,7.0,0.0
2014-03-10,0.024430364520330983,7.0,0.0
2014-03-11,-0.0037534858801375748,7.0,0.0
2014-03-12,0.012485119949651846,7.0,0.0
2014-03-13,0.007796102172977548,7.0,0.0
2014-03-14,0.007415209468077499,7.0,0.0
2014-03-17,-0.008158858972897143,7.0,0.0
2014-03-18,-0.014659822031638292,7.0,0.0
2014-03-19,-0.01620064668931054,7.0,0.0
2014-03-20,-0.011046558140987095,7.0,0.0
2014-03-21,0.005125298637993048,7.0,0.0
2014-03-24,0.011714240896925077,7.0,0.0
2014-03-25,0.005152032717853139,7.0,0.0
2014-03-26,-0.007934326442935458,7.0,0.0
2014-03-27,0.027389551648987265,7.0,0.0
2014-03-28,0.02308298435447309,7.0,0.0
2014-03-31,-0.005010001691252874,7.0,0.0
2014-04-01,-0.012051471089785437,7.0,0.0
2014-04-02,0.0022532243123700724,7.0,0.0
2014-04-03,0.01930947967581531,7.0,0.0
2014-04-04,0.005291474658811524,7.0,0.0
2014-04-07,0.008648230573650828,7.0,0.0
2014-04-08,-0.00288120183413465,7.0,0.0
2014-04-09,0.007144063428033753,7.0,0.0
2014-04-10,0.023468166771841936,7.0,0.0
2014-04-11,-0.003295031722165831,7.0,0.0
2014-04-14,0.002449615987618614,7.0,0.0
2014-04-15,0.004107247148244397,7.0,0.0
2014-04-16,0.004555880336565288,7.0,0.0
2014-04-17,-0.02087833314106824,7.0,0.0
2014-04-18,-0.027853029838108334,7.0,0.0
2014-04-21,-0.014994826063827738,7.0,0.0
2014-04-22,0.0028191344310251054,7.0,0.0
2014-04-23,0.008607842490047979,7.0,0.0
2014-04-24,-0.0076601183966040765,7.0,0.0
2014-04-25,0.02095886224300969,7.0,0.0
2014-04-28,-0.005847639614892763,7.5,0.5
2014-04-29,0.0006047399735189529,7.5,0.0
2014-04-30,-0.0026094580582896043,7.5,0.0
2014-05-01,0.002310401891199909,7.5,0.0
2014-05-02,0.010867111110654193,7.5,0.0
2014-05-05,0.01028480156868472,7.5,0.0
2014-05-06,-0.013176344109144367,7.5,0.0
2014-05-07,0.02315495664717826,7.5,0.0
2014-05-08,-0.016125396861403907,7.5,0.0
2014-05-09,0.0014884052113597335,7.5,0.0
2014-05-12,-0.0038159486028357392,7.5,0.0
2014-05-13,-0.015434875159777484,7.5,0.0
2014-05-14,-0.0008268088196077272,7.5,0.0
2014-05-15,-0.010812206599385199,7.5,0.0
2014-05-16,0.0013936086491401767,7.5,0.0
2014-05-19,0.006346289418290851,7.5,0.0
2014-05-20,0.022378940534599323,7.5,0.0
2014-05-21,0.004910763279410979,7.5,0.0
2014-05-22,-0.00886838010457236,7.5,0.0
2014-05-23,-0.0055742971607939396,7.5,0.0
2014-05-26,0.0023996715917178335,7.5,0.0
2014-05-27,0.0017019124419324072,7.5,0.0
2014-05-28,0.02219383902342642,7.5,0.0
2014-05-29,0.02123029394635445,7.5,0.0
2014-05-30,-0.00508403889363418,7.5,0.0
2014-06-02,-0.007929631922793057,7.5,0.0
2014-06-03,-0.03805581906101718,7.5,0.0
2014-06-04,-0.007933806199833526,7.5,0.0
2014-06-05,-0.014370865591263993,7.5,0.0
2014-06-06,-0.0050223668714224345,7.5,0.0
2014-06-09,0.006173763635251461,7.5,0.0
2014-06-10,0.002957884937984545,7.5,0.0
2014-06-11,-0.00014952010571267493,7.5,0.0
2014-06-12,0.003293731666327737,7.5,0.0
2014-06-13,-0.0015917665984650498,7.5,0.0
2014-06-16,0.0032552839881523354,7.5,0.0
2014-06-17,-0.048165825118790195,7.5,0.0
2014-06-18,-0.0037394023462606896,7.5,0.0
2014-06-19,-0.0013627608157955606,7.5,0.0
2014-06-20,-0.00481892574309839,7.5,0.0
2014-06-23,-0.002969193931543934,7.5,0.0
2014-06-24,0.010849651767100177,7.5,0.0
2014-06-25,-0.008671579970111587,7.5,0.0
2014-06-26,0.033310531488256245,7.5,0.0
2014-06-27,0.01062445395333178,7.5,0.0
2014-06-30,0.0002053912362915966,7.5,0.0
2014-07-01,-0.0027999345479630122,7.5,0.0
2014-07-02,-0.0009978342957328579,7.5,0.0
2014-07-03,-0.01342960604915966,7.5,0.0
2014-07-04,-0.0011280380888694097,7.5,0.0
2014-07-07,0.004480252750905578,7.5,0.0
2014-07-08,0.008993124233597882,7.5,0.0
2014-07-09,0.008995346687165728,7.5,0.0
2014-07-10,-0.003823163198489077,7.5,0.0
2014-07-11,-0.02094123378782875,7.5,0.0
2014-07-14,-0.009736539393502497,7.5,0.0
2014-07-15,0.024482895642186087,7.5,0.0
2014-07-16,0.013740874701149153,7.5,0.0
2014-07-17,0.005844293794562638,7.5,0.0
2014-07-18,-0.011119413671401901,7.5,0.0
2014-07-21,0.00035467732460681134,7.5,0.0
2014-07-22,-0.018535030284937193,7.5,0.0
2014-07-23,-0.007979053135440672,7.5,0.0
2014-07-24,-0.0033780501252786976,7.5,0.0
2014-07-25,-0.00512459897797779,7.5,0.0
2014-07-28,0.010649028965840301,8.0,0.5
2014-07-29,-0.020980888710532497,8.0,0.0
2014-07-30,-0.012681484072726512,8.0,0.0
2014-07-31,-0.0203203195653332,8.0,0.0
2014-08-01,-0.01826029819031838,8.0,0.0
2014-08-04,0.0021608384466995645,8.0,0.0
2014-08-05,-0.023706607995843676,8.0,0.0
2014-08-06,0.011608031682564857,8.0,0.0
2014-08-07,-0.0034022366541162086,8.0,0.0
2014-08-08,0.0013318249878890853,8.0,0.0
2014-08-11,0.0051386510699584775,8.0,0.0
2014-08-12,-0.006212497803773864,8.0,0.0
2014-08-13,0.015787195736300497,8.0,0.0
2014-08-14,-0.0026151409009145254,8.0,0.0
2014-08-15,0.009211053828586557,8.0,0.0
2014-08-18,-0.0026866857413594403,8.0,0.0
2014-08-19,0.004663115811374574,8.0,0.0
2014-08-20,0.004494940052368612,8.0,0.0
2014-08-21,0.004049549091833526,8.0,0.0
2014-08-22,-0.014314617744314084,8.0,0.0
2014-08-25,0.006838136558211971,8.0,0.0
2014-08-26,-0.00448435483649412,8.0,0.0
2014-08-27,0.009757320457348229,8.0,0.0
2014-08-28,-0.03198740166618386,8.0,0.0
2014-08-29,-0.0216767433308247,8.0,0.0
2014-09-01,0.0057516834320257,8.0,0.0
2014-09-02,0.028243913776578644,8.0,0.0
2014-09-03,0.012825881202168432,8.0,0.0
2014-09-04,-0.009936764013000143,8.0,0.0
2014-09-05,-0.025080786230669005,8.0,0.0
2014-09-08,0.011440293317424022,8.0,0.0
2014-09-09,-0.000908748330644471,8.0,0.0
2014-09-10,0.00916056326841641,8.0,0.0
2014-09-11,0.0020294808331620118,8.0,0.0
2014-09-12,0.0007446438768070607,8.0,0.0
2014-09-15,0.04467938168839769,8.0,0.0
2014-09-16,0.00020805058431605516,8.0,0.0
2014-09-17,-0.002088678138798983,8.0,0.0
2014-09-18,-0.0015217301310599396,8.0,0.0
2014-09-19,-0.008453050750615532,8.0,0.0
2014-09-22,0.015151993420730037,8.0,0.0
2014-09-23,-0.005006315006720108,8.0,0.0
2014-09-24,0.009839140584668726,8.0,0.0
2014-09-25,0.004569045447203379,8.0,0.0
2014-09-26,0.018584787931986035,8.0,0.0
2014-09-29,0.006602693954826044,8.0,0.0
2014-09-30,-0.017900771714215225,8.0,0.0
2014-10-01,-0.019597316775809226,8.0,0.0
2014-10-02,0.021425537191153587,8.0,0.0
2014-10-03,-0.008830662048966431,8.0,0.0
2014-10-06,-0.01950903869684506,8.0,0.0
2014-10-07,-0.00974427899804553,8.0,0.0
2014-10-08,0.019269379304519774,8.0,0.0
2014-10-09,-0.021003194984228202,8.0,0.0
2014-10-10,-0.012697428056394067,8.0,0.0
2014-10-13,-0.009702112631947202,8.0,0.0
2014-10-14,-0.018467848102098117,8.0,0.0
2014-10-15,-0.017464910077674922,8.0,0.0
2014-10-16,-0.02247161962895472,8.0,0.0
2014-10-17,-0.006617811197051182,8.0,0.0
2014-10-20,-0.00502363247610127,8.0,0.0
2014-10-21,-0.009938072313049773,8.0,0.0
2014-10-22,-0.024505467584514662,8.0,0.0
2014-10-23,0.01910003920283998,8.0,0.0
2014-10-24,-0.019636182437581695,8.0,0.0
2014-10-27,0.0044705056803424625,8.0,0.0
2014-10-28,-0.015821498896783304,8.0,0.0
2014-10-29,0.010324753001123455,8.0,0.0
2014-10-30,0.014637485327507527,8.0,0.0
2014-10-31,-0.012864203799415108,8.0,0.0
2014-11-03,-0.028555735945456462,8.0,0.0
2014-11-04,0.010736809787093904,8.0,0.0
2014-11-05,0.01643700820070393,9.5,1.5
2014-11-06,0.006535418098387424,9.5,0.0
2014-11-07,0.0027081663221952823,9.5,0.0
2014-11-10,0.01259640914415261,9.5,0.0
2014-11-11,0.011775822689955362,9.5,0.0
2014-11-12,-0.01213483250641545,9.5,0.0
2014-11-13,-0.009587269660449316,9.5,0.0
2014-11-14,0.009466853250838625,9.5,0.0
2014-11-17,-0.0018602002122038996,9.5,0.0
2014-11-18,0.020049083937952794,9.5,0.0
2014-11-19,-0.010265132206931149,9.5,0.0
2014-11-20,0.011559148753026882,9.5,0.0
2014-11-21,0.005439569720538273,9.5,0.0
2014-11-24,-0.0015965634556440733,9.5,0.0
2014-11-25,0.017938661577519,9.5,0.0
2014-11-26,0.010501072993011284,9.5,0.0
2014-11-27,-0.014774507300731266,9.5,0.0
2014-11-28,0.009903280206297715,9.5,0.0
2014-12-01,0.020924859472413182,9.5,0.0
2014-12-02,-0.0016566703347695722,9.5,0.0
2014-12-03,-0.003429837755774656,9.5,0.0
2014-12-04,-0.009744707214652593,9.5,0.0
2014-12-05,9.594171486959624e-05,9.5,0.0
2014-12-08,0.010593010290793181,9.5,0.0
2014-12-09,-0.011965024493680865,9.5,0.0
2014-12-10,-0.019895363411058575,9.5,0.0
2014-12-11,-0.0053362486647294816,9.5,0.0
2014-12-12,-0.02839587467988114,10.5,1.0
2014-12-15,0.00814827661923978,10.5,0.0
2014-12-16,-0.05810034654990659,17.0,6.5
2014-12-17,-0.02603102766826293,17.0,0.0
2014-12-18,-0.004929112721077544,17.0,0.0
2014-12-19,-0.0025892247869112595,17.0,0.0
2014-12-22,0.007037034200395809,17.0,0.0
2014-12-23,-0.0018804531473133324,17.0,0.0
2014-12-24,0.028330896852597043,17.0,0.0
2014-12-25,-0.007480557773084762,17.0,0.0
2014-12-26,-0.0006359782287344018,17.0,0.0
2014-12-29,-0.001243659213939985,17.0,0.0
2014-12-30,-0.003939425766105842,17.0,0.0
2014-12-31,0.002436383775194173,17.0,0.0
2015-01-01,0.00841846945796565,17.0,0.0
2015-01-02,0.020401480553045914,17.0,0.0
2015-01-05,-0.023238841910916186,17.0,0.0
2015-01-06,-0.007355143107091955,17.0,0.0
2015-01-07,-0.006416571380284175,17.0,0.0
2015-01-08,0.014367754460425708,17.0,0.0
2015-01-09,-0.005049945916099752,17.0,0.0
2015-01-12,-0.02812763389619022,17.0,0.0
2015-01-13,0.0016159569579992095,17.0,0.0
2015-01-14,-0.00020533847311465792,17.0,0.0
2015-01-15,0.0029962734865698337,17.0,0.0
2015-01-16,-0.015302443214691763,17.0,0.0
2015-01-19,0.026085520216267533,17.0,0.0
2015-01-20,-0.004557896756780089,17.0,0.0
2015-01-21,-0.0025244528774051034,17.0,0.0
2015-01-22,-0.013200128547137702,17.0,0.0
2015-01-23,-0.01366503005812092,17.0,0.0
2015-01-26,-0.018041054396231715,17.0,0.0
2015-01-27,-0.005599662776717196,17.0,0.0
2015-01-28,-0.014063727581349994,17.0,0.0
2015-01-29,0.031147010118378837,17.0,0.0
2015-01-30,-0.02802738570580221,17.0,0.0
2015-02-02,-0.0006249582227271233,15.0,-2.0
2015-02-03,-0.005721216426855413,15.0,0.0
2015-02-04,0.010402369171474746,15.0,0.0
2015-02-05,-0.005906353220700211,15.0,0.0
2015-02-06,0.010439450895043834,15.0,0.0
2015-02-09,-0.01450205833935403,15.0,0.0
2015-02-10,0.0011893670084202057,15.0,0.0
2015-02-11,0.02646061630516261,15.0,0.0
2015-02-12,-0.014216165935492242,15.0,0.0
2015-02-13,0.006593515138431094,15.0,0.0
2015-02-16,0.0034039127892491194,15.0,0.0
2015-02-17,-0.03347302478981895,15.0,0.0
2015-02-18,-0.008534558197060171,15.0,0.0
2015-02-19,0.017267278579589984,15.0,0.0
2015-02-20,0.002326165087271015,15.0,0.0
2015-02-23,-0.017884034443441443,15.0,0.0
2015-02-24,0.010661659093734954,15.0,0.0
2015-02-25,-0.00688684417971519,15.0,0.0
2015-02-26,0.0057007609212123,15.0,0.0
2015-02-27,0.005953801716564122,15.0,0.0
2015-03-02,-0.016480434017182688,15.0,0.0
2015-03-03,0.01214742052101414,15.0,0.0
2015-03-04,-0.014812632018528227,15.0,0.0
2015-03-05,-0.0192867879951244,15.0,0.0
2015-03-06,-0.01294243481583024,15.0,0.0
2015-03-09,-0.004891350507947756,15.0,0.0
2015-03-10,0.0019410473466185962,15.0,0.0
2015-03-11,-0.01128875598558654,15.0,0.0
2015-03-12,0.011472289685927173,15.0,0.0
2015-03-13,0.004071962760653136,15.0,0.0
2015-03-16,-0.002121973226581808,14.0,-1.0
2015-03-17,0.013634893763922129,14.0,0.0
2015-03-18,0.017716025364697963,14.0,0.0
2015-03-19,-0.001180270452143084,14.0,0.0
2015-03-20,-0.002924745674458329,14.0,0.0
2015-03-23,-0.026306570298845422,14.0,0.0
2015-03-24,-0.005812688885871609,14.0,0.0
2015-03-25,-0.004072600688481032,14.0,0.0
2015-03-26,0.003980691108895762,14.0,0.0
2015-03-27,-0.002226396474457104,14.0,0.0
2015-03-30,0.003960404072107515,14.0,0.0
2015-03-31,0.02331135433955822,14.0,0.0
2015-04-01,-0.007648711479506076,14.0,0.0
2015-04-02,-0.007064584238487548,14.0,0.0
2015-04-03,-0.019337479714538475,14.0,0.0
2015-04-06,0.00017009299887682516,14.0,0.0
2015-04-07,0.014952194737043456,14.0,0.0
2015-04-08,-0.025966055237885755,14.0,0.0
2015-04-09,-0.009687854505290083,14.0,0.0
2015-04-10,0.0008391075375584478,14.0,0.0
2015-04-13,0.013051543252866615,14.0,0.0
2015-04-14,0.006043053585402802,14.0,0.0
2015-04-15,0.005181954422732282,14.0,0.0
2015-04-16,-0.0030646917895635895,14.0,0.0
2015-04-17,0.007528113855280516,14.0,0.0
2015-04-20,0.015514558253001631,14.0,0.0
2015-04-21,-0.025334876648237525,14.0,0.0
2015-04-22,0.011228031012526785,14.0,0.0
2015-04-23,-0.0011813970880005797,14.0,0.0
2015-04-24,-0.007649832963217307,14.0,0.0
2015-04-27,-0.036346136788189654,14.0,0.0
2015-04-28,-0.020405269854815167,14.0,0.0
2015-04-29,0.025770884883709044,14.0,0.0
2015-04-30,-0.010028227986953908,14.0,0.0
2015-05-01,-0.015971531568795605,14.0,0.0
2015-05-04,-0.006546389342154235,14.0,0.0
2015-05-05,0.0011227916721212594,12.5,-1.5
2015-05-06,0.0021653794892841915,12.5,0.0
2015-05-07,0.02305460517369884,12.5,0.0
2015-05-08,-0.008499239262783398,12.5,0.0
2015-05-11,0.0026143507582778724,12.5,0.0
2015-05-12,-0.01690855711860273,12.5,0.0
2015-05-13,0.023102496633097935,12.5,0.0
2015-05-14,0.003135651636211101,12.5,0.0
2015-05-15,-0.015927286849358957,12.5,0.0
2015-05-18,0.013864593302019834,12.5,0.0
2015-05-19,0.01829981472873854,12.5,0.0
2015-05-20,0.002721845451114646,12.5,0.0
2015-05-21,-0.024290954513111807,12.5,0.0
2015-05-22,0.02707753220274789,12.5,0.0
2015-05-25,0.004951837809397119,12.5,0.0
2015-05-26,0.017856814460421866,12.5,0.0
2015-05-27,-0.007963398076756611,12.5,0.0
2015-05-28,-0.005679358871009121,12.5,0.0
2015-05-29,0.001956796639358771,12.5,0.0
2015-06-01,0.017001025170538142,12.5,0.0
2015-06-02,0.0024448504225080825,12.5,0.0
2015-06-03,-0.01855250718800594,12.5,0.0
2015-06-04,0.004229837951750248,12.5,0.0
2015-06-05,0.024743012917661567,12.5,0.0
2015-06-08,0.0012870942369422878,12.5,0.0
2015-06-09,0.0022407828566475274,12.5,0.0
2015-06-10,-0.018638156141757456,12.5,0.0
2015-06-11,-0.020744836315842008,12.5,0.0
2015-06-12,-0.009265382082198848,12.5,0.0
2015-06-15,-0.004597764699281193,12.5,0.0
2015-06-16,0.009860911025154628,11.5,-1.0
2015-06-17,0.002789354617112494,11.5,0.0
2015-06-18,0.024328614765253498,11.5,0.0
2015-06-19,0.0011803115767490269,11.5,0.0
2015-06-22,0.016266340326163586,11.5,0.0
2015-06-23,-0.0002899400196740842,11.5,0.0
2015-06-24,0.022033554174386794,11.5,0.0
2015-06-25,-0.02775596218120846,11.5,0.0
2015-06-26,-0.008680976500175852,11.5,0.0
2015-06-29,0.01504550094388879,11.5,0.0
2015-06-30,-0.0022739400788509556,11.5,0.0
2015-07-01,0.014272944200818927,11.5,0.0
2015-07-02,0.006075991541659498,11.5,0.0
2015-07-03,0.014488154755695426,11.5,0.0
2015-07-06,0.009496015920432477,11.5,0.0
2015-07-07,0.010404734007206429,11.5,0.0
2015-07-08,0.022686830807272962,11.5,0.0
2015-07-09,0.015097110280514414,11.5,0.0
2015-07-10,0.015207100607045554,11.5,0.0
2015-07-13,0.0006062813817839796,11.5,0.0
2015-07-14,-0.008427753147253192,11.5,0.0
2015-07-15,-0.009593401324083928,11.5,0.0
2015-07-16,0.011564168957844956,11.5,0.0
2015-07-17,-0.03627690846067555,11.5,0.0
2015-07-20,-0.019307672824563582,11.5,0.0
2015-07-21,-0.014148805288182409,11.5,0.0
2015-07-22,-0.003414320680404259,11.5,0.0
2015-07-23,-0.03917157055212517,11.5,0.0
2015-07-24,0.019180819538839877,11.5,0.0
2015-07-27,0.009302628544944014,11.5,0.0
2015-07-28,0.030068735976878536,11.5,0.0
2015-07-29,0.016233217033842173,11.5,0.0
2015-07-30,0.015755689967280162,11.5,0.0
2015-07-31,0.034060140465462574,11.5,0.0
2015-08-03,-0.004264371302861392,11.0,-0.5
2015-08-04,-0.0222518759887409,11.0,0.0
2015-08-05,-0.0031853609473904143,11.0,0.0
2015-08-06,-0.0120748808077078,11.0,0.0
2015-08-07,-0.0035526804153667157,11.0,0.0
2015-08-10,-0.015453284853871097,11.0,0.0
2015-08-11,0.008818201011809634,11.0,0.0
2015-08-12,0.007994742743981043,11.0,0.0
2015-08-13,-0.00010383885852416341,11.0,0.0
2015-08-14,0.0049737225507433536,11.0,0.0
2015-08-17,-0.0018307609069374564,11.0,0.0
2015-08-18,0.011580505024008758,11.0,0.0
2015-08-19,0.001344611242280358,11.0,0.0
2015-08-20,-0.0036816843734364113,11.0,0.0
2015-08-21,0.01424376704914021,11.0,0.0
2015-08-24,0.019212319038401482,11.0,0.0
2015-08-25,0.020361807384618125,11.0,0.0
2015-08-26,-0.014554120339791865,11.0,0.0
2015-08-27,-0.007716708120625526,11.0,0.0
2015-08-28,-0.025222441421215436,11.0,0.0
2015-08-31,-0.0032784752730536937,11.0,0.0
2015-09-01,0.006541857217164271,11.0,0.0
2015-09-02,-0.0016920176176800084,11.0,0.0
2015-09-03,0.0292627630057245,11.0,0.0
2015-09-04,-0.005787650626670526,11.0,0.0
2015-09-07,-0.016027628332333066,11.0,0.0
2015-09-08,0.008827563100017422,11.0,0.0
2015-09-09,0.0025490074274729935,11.0,0.0
2015-09-10,0.008544638937005189,11.0,0.0
2015-09-11,0.004856818961792797,11.0,0.0
2015-09-14,0.003956486407963311,11.0,0.0
2015-09-15,-0.03153448324563879,11.0,0.0
2015-09-16,-0.010591710412760413,11.0,0.0
2015-09-17,-0.008554873769292648,11.0,0.0
2015-09-18,-0.004919465069024298,11.0,0.0
2015-09-21,-0.006425874576914126,11.0,0.0
2015-09-22,0.00649228142531566,11.0,0.0
2015-09-23,0.009313237630379945,11.0,0.0
2015-09-24,-0.016674613901266788,11.0,0.0
2015-09-25,0.010602066101919938,11.0,0.0
2015-09-28,0.009086522080005821,11.0,0.0
2015-09-29,0.007286550990573737,11.0,0.0
2015-09-30,-0.02096841732044563,11.0,0.0
2015-10-01,0.006908734504335712,11.0,0.0
2015-10-02,0.0015389312930436105,11.0,0.0
2015-10-05,0.014713201128207842,11.0,0.0
2015-10-06,0.027065351929519643,11.0,0.0
2015-10-07,0.024121018283913997,11.0,0.0
2015-10-08,0.0019896625835986725,11.0,0.0
2015-10-09,0.00027187962411368005,11.0,0.0
2015-10-12,0.00977922426013933,11.0,0.0
2015-10-13,-0.01642559930129117,11.0,0.0
2015-10-14,-0.021460247124071685,11.0,0.0
2015-10-15,-0.0067879588803752,11.0,0.0
2015-10-16,0.018608533705718244,11.0,0.0
2015-10-19,-0.004666924474237,11.0,0.0
2015-10-20,0.022838713587141513,11.0,0.0
2015-10-21,-0.04152169324627586,11.0,0.0
2015-10-22,-0.02350809640181417,11.0,0.0
2015-10-23,-0.0015553309928355574,11.0,0.0
2015-10-26,0.01362291812011307,11.0,0.0
2015-10-27,-0.000744346480801461,11.0,0.0
2015-10-28,-0.0011347911673995625,11.0,0.0
2015-10-29,-0.0015261224288565245,11.0,0.0
2015-10-30,-0.02614346601601536,11.0,0.0
2015-11-02,0.017671033116597457,11.0,0.0
2015-11-03,-0.00994147079756047,11.0,0.0
2015-11-04,0.016642989858216772,11.0,0.0
2015-11-05,-0.0007578512694355055,11.0,0.0
2015-11-06,0.01632240580993649,11.0,0.0
2015-11-09,0.005448869714663296,11.0,0.0
2015-11-10,-0.0013001173583733205,11.0,0.0
2015-11-11,0.0036939247060301383,11.0,0.0
2015-11-12,-0.021794664136673525,11.0,0.0
2015-11-13,0.0003904399075658205,11.0,0.0
2015-11-16,0.02604060483168169,11.0,0.0
2015-11-17,0.01992290345983072,11.0,0.0
2015-11-18,-0.014475353740470709,11.0,0.0
2015-11-19,0.007885287770069027,11.0,0.0
2015-11-20,0.004019698271212846,11.0,0.0
2015-11-23,0.012557824201761214,11.0,0.0
2015-11-24,0.0017122932828330661,11.0,0.0
2015-11-25,-0.00320255989695184,11.0,0.0
2015-11-26,0.02025946164541015,11.0,0.0
2015-11-27,0.003545948524079634,11.0,0.0
2015-11-30,0.019131964829194992,11.0,0.0
2015-12-01,0.014915793050167103,11.0,0.0
2015-12-02,-0.004567308622783095,11.0,0.0
2015-12-03,-0.002205004115357845,11.0,0.0
2015-12-04,0.029247486509985876,11.0,0.0
2015-12-07,0.003172234881597902,11.0,0.0
2015-12-08,-0.011079426350399935,11.0,0.0
2015-12-09,-0.017700649169775318,11.0,0.0
2015-12-10,0.014911986528866272,11.0,0.0
2015-12-11,0.0027044058164440443,11.0,0.0
2015-12-14,-0.011581379257934898,11.0,0.0
2015-12-15,0.010418772468549165,11.0,0.0
2015-12-16,0.002696230425839552,11.0,0.0
2015-12-17,-0.02460712606144444,11.0,0.0
2015-12-18,0.009130283320661903,11.0,0.0
2015-12-21,0.020297860542648927,11.0,0.0
2015-12-22,0.03869775345948678,11.0,0.0
2015-12-23,0.0008235384609296403,11.0,0.0
2015-12-24,0.003789744873158085,11.0,0.0
2015-12-25,0.024398952078522385,11.0,0.0
2015-12-28,0.002830834004047489,11.0,0.0
2015-12-29,0.004430127946198681,11.0,0.0
2015-12-30,-0.009159275871458483,11.0,0.0
2015-12-31,-0.02061562669069783,11.0,0.0
2016-01-01,0.013990319037297638,11.0,0.0
2016-01-04,-0.01880355355218377,11.0,0.0
2016-01-05,0.017409843644212053,11.0,0.0
2016-01-06,-0.011522483383314963,11.0,0.0
2016-01-07,0.004278509375974515,11.0,0.0
2016-01-08,-0.005284075970374502,11.0,0.0
2016-01-11,0.017919003569359937,11.0,0.0
2016-01-12,0.004812696033098973,11.0,0.0
2016-01-13,0.0296864302876072,11.0,0.0
2016-01-14,-0.01595516519039375,11.0,0.0
2016-01-15,0.0065079462230368534,11.0,0.0
2016-01-18,0.001010128213606798,11.0,0.0
2016-01-19,0.004499153568853664,11.0,0.0
2016-01-20,0.024238817574156357,11.0,0.0
2016-01-21,0.009079770451385194,11.0,0.0
2016-01-22,-0.016912881130158652,11.0,0.0
2016-01-25,0.008302662275097461,11.0,0.0
2016-01-26,-0.005934290642336748,11.0,0.0
2016-01-27,-0.006800324551060832,11.0,0.0
2016-01-28,0.015987859920500114,11.0,0.0
2016-01-29,-0.008735099745393882,11.0,0.0
2016-02-01,-0.005395954913701928,11.0,0.0
2016-02-02,0.0007861088160581176,11.0,0.0
2016-02-03,0.014492788451181404,11.0,0.0
2016-02-04,0.009023847042917588,11.0,0.0
2016-02-05,-0.00321622367876806,11.0,0.0
2016-02-08,-0.0037826469853108335,11.0,0.0
2016-02-09,-0.01710194492300321,11.0,0.0
2016-02-10,-0.011097526328890162,11.0,0.0
2016-02-11,-0.009515716287307185,11.0,0.0
2016-02-12,-0.001939364126211096,11.0,0.0
2016-02-15,0.0301014455575368,11.0,0.0
2016-02-16,-0.009832041506796507,11.0,0.0
2016-02-17,-0.004137436018583962,11.0,0.0
2016-02-18,-0.0304859760746492,11.0,0.0
2016-02-19,0.009308566414657271,11.0,0.0
2016-02-22,-0.023361731907405314,11.0,0.0
2016-02-23,-0.013298842832464963,11.0,0.0
2016-02-24,0.015935030526614824,11.0,0.0
2016-02-25,-0.0312739264436841,11.0,0.0
2016-02-26,0.0017388061859282544,11.0,0.0
2016-02-29,0.012313944699976709,11.0,0.0
2016-03-01,0.023181663546604447,11.0,0.0
2016-03-02,-0.013501396627344064,11.0,0.0
2016-03-03,-0.0090603727535985,11.0,0.0
2016-03-04,0.027366544851038732,11.0,0.0
2016-03-07,-7.590216872355171e-05,11.0,0.0
2016-03-08,-0.01074395901404479,11.0,0.0
2016-03-09,-0.01046228755960854,11.0,0.0
2016-03-10,-0.014288344853512491,11.0,0.0
2016-03-11,-0.006295083081389485,11.0,0.0
2016-03-14,0.016623307146740096,11.0,0.0
2016-03-15,0.013616491028602518,11.0,0.0
2016-03-16,-0.01731405454238022,11.0,0.0
2016-03-17,0.0035187911205634137,11.0,0.0
2016-03-18,-0.005732396026088438,11.0,0.0
2016-03-21,0.012036606061567312,11.0,0.0
2016-03-22,-0.0020453959084401063,11.0,0.0
2016-03-23,0.005872870226996341,11.0,0.0
2016-03-24,-0.002079078104377352,11.0,0.0
2016-03-25,-0.032506288959573304,11.0,0.0
2016-03-28,0.0010050366805298694,11.0,0.0
2016-03-29,-0.018776204242951344,11.0,0.0
2016-03-30,0.011506926175152365,11.0,0.0
2016-03-31,-0.00989741838599656,11.0,0.0
2016-04-01,-0.008775189841094821,11.0,0.0
2016-04-04,0.00016645762481548587,11.0,0.0
2016-04-05,0.008966909313365967,11.0,0.0
2016-04-06,-0.002246157266987403,11.0,0.0
2016-04-07,0.02493274158067571,11.0,0.0
2016-04-08,0.025032267922286522,11.0,0.0
2016-04-11,0.026032028882550406,11.0,0.0
2016-04-12,-0.0032147808683813395,11.0,0.0
2016-04-13,-0.021929376841542947,11.0,0.0
2016-04-14,0.018601177713573946,11.0,0.0
2016-04-15,-0.005945179279496671,11.0,0.0
2016-04-18,0.0008724946800304778,11.0,0.0
2016-04-19,0.009724801542827066,11.0,0.0
2016-04-20,-0.023766546007689904,11.0,0.0
2016-04-21,0.02473681807998762,11.0,0.0
2016-04-22,0.013424434936549545,11.0,0.0
2016-04-25,0.005584073731072614,11.0,0.0
2016-04-26,0.013663751257180223,11.0,0.0
2016-04-27,0.00865428808991009,11.0,0.0
2016-04-28,0.002052421733536036,11.0,0.0
2016-04-29,-0.004316614832168497,11.0,0.0
2016-05-02,-0.010787134115336272,11.0,0.0
2016-05-03,0.004608214213550177,11.0,0.0
2016-05-04,0.005718045896575319,11.0,0.0
2016-05-05,0.01654798204032293,11.0,0.0
2016-05-06,0.003309900130788357,11.0,0.0
2016-05-09,-0.012498022736708414,11.0,0.0
2016-05-10,-0.02334349271094993,11.0,0.0
2016-05-11,-0.0016134324301493308,11.0,0.0
2016-05-12,-0.00011187565034376235,11.0,0.0
2016-05-13,-0.0011713737419034587,11.0,0.0
2016-05-16,-0.022657693460334194,11.0,0.0
2016-05-17,0.01641697710803225,11.0,0.0
2016-05-18,0.016389446193506352,11.0,0.0
2016-05-19,-0.01204927746921669,11.0,0.0
2016-05-20,0.01238973167433155,11.0,0.0
2016-05-23,0.014592462927175198,11.0,0.0
2016-05-24,0.0008767061497154671,11.0,0.0
2016-05-25,-0.013927479392910946,11.0,0.0
2016-05-26,0.024500723028914706,11.0,0.0
2016-05-27,0.006013821506583916,11.0,0.0
2016-05-30,-0.0034655618281806966,11.0,0.0
2016-05-31,0.011892680935093658,11.0,0.0
2016-06-01,0.024633127317752468,11.0,0.0
2016-06-02,-0.007157402200332896,11.0,0.0
2016-06-03,0.010671338178851464,11.0,0.0
2016-06-06,0.029447402560870195,11.0,0.0
2016-06-07,-0.016448472513531875,11.0,0.0
2016-06-08,-0.00793880383092116,11.0,0.0
2016-06-09,-0.008667826208882623,11.0,0.0
2016-06-10,-0.0020749070557384286,11.0,0.0
2016-06-13,-0.0028496060382625643,11.0,0.0
2016-06-14,0.00881193159050575,10.5,-0.5
2016-06-15,-0.012005632802021715,10.5,0.0
2016-06-16,-0.009039952333212753,10.5,0.0
2016-06-17,0.004819357259738588,10.5,0.0
2016-06-20,0.002623677896004928,10.5,0.0
2016-06-21,0.013411197137403796,10.5,0.0
2016-06-22,0.0064403253738847255,10.5,0.0
2016-06-23,0.01187769953341089,10.5,0.0
2016-06-24,-0.01684428059312193,10.5,0.0
2016-06-27,-0.005451244666737409,10.5,0.0
2016-06-28,0.028025699263252157,10.5,0.0
2016-06-29,0.0061811706982748404,10.5,0.0
2016-06-30,0.011510894423194529,10.5,0.0
2016-07-01,0.004391021057442046,10.5,0.0
2016-07-04,0.006680037853931786,10.5,0.0
2016-07-05,-0.003163560772922125,10.5,0.0
2016-07-06,0.05387368827039474,10.5,0.0
2016-07-07,-0.005642338836145733,10.5,0.0
2016-07-08,-0.0002748182661473919,10.5,0.0
2016-07-11,-0.03607254488182843,10.5,0.0
2016-07-12,0.01689399986392015,10.5,0.0
2016-07-13,-0.007983794245273401,10.5,0.0
2016-07-14,-0.0006119115901750405,10.5,0.0
2016-07-15,-0.007620608263227524,10.5,0.0
2016-07-18,-0.00178024417912237,10.5,0.0
2016-07-19,-0.003963706476310058,10.5,0.0
2016-07-20,-0.0003456266367090066,10.5,0.0
2016-07-21,-0.0004920222398077101,10.5,0.0
2016-07-22,-0.0020130796722881428,10.5,0.0
2016-07-25,-0.00221815839819417,10.5,0.0
2016-07-26,0.019927776784889772,10.5,0.0
2016-07-27,0.013521253796389132,10.5,0.0
2016-07-28,0.0136116347766988,10.5,0.0
2016-07-29,-0.010686733216676458,10.5,0.0
2016-08-01,0.01915231247772553,10.5,0.0
2016-08-02,0.01727466763793828,10.5,0.0
2016-08-03,-0.00800106493202346,10.5,0.0
2016-08-04,0.023157780257997196,10.5,0.0
2016-08-05,-0.009948389144997627,10.5,0.0
2016-08-08,-0.02733047757607565,10.5,0.0
2016-08-09,0.01682288979229707,10.5,0.0
2016-08-10,-0.0014927817064505078,10.5,0.0
2016-08-11,0.014953823468624172,10.5,0.0
2016-08-12,-0.011013032440862602,10.5,0.0
2016-08-15,-0.018626550176205292,10.5,0.0
2016-08-16,0.01877807682935906,10.5,0.0
2016-08-17,-0.020809028450936573,10.5,0.0
2016-08-18,-0.02311545767155998,10.5,0.0
2016-08-19,-0.0285838033614656,10.5,0.0
2016-08-22,-0.04161708447461354,10.5,0.0
2016-08-23,-0.015286565748965586,10.5,0.0
2016-08-24,-0.032241119376180905,10.5,0.0
2016-08-25,-0.00023408226914778396,10.5,0.0
2016-08-26,-0.03324626025486932,10.5,0.0
2016-08-29,-0.01611410128763957,10.5,0.0
2016-08-30,0.035280929943144024,10.5,0.0
2016-08-31,0.005476863609181315,10.5,0.0
2016-09-01,0.0010920851311162494,10.5,0.0
2016-09-02,-0.024011279704797772,10.5,0.0
2016-09-05,-0.003383964989231991,10.5,0.0
2016-09-06,0.0010216284470496717,10.5,0.0
2016-09-07,-0.023777711936806334,10.5,0.0
2016-09-08,0.002192710213209992,10.5,0.0
2016-09-09,0.018168486855976163,10.5,0.0
2016-09-12,-0.004923871782590794,10.5,0.0
2016-09-13,-0.0026585455260637048,10.5,0.0
2016-09-14,-0.03033144623243178,10.5,0.0
2016-09-15,-0.020688508029143904,10.5,0.0
2016-09-16,0.016165426521423498,10.5,0.0
2016-09-19,-0.005623259698707805,10.0,-0.5
2016-09-20,-0.013645674516636674,10.0,0.0
2016-09-21,-0.010088746739570276,10.0,0.0
2016-09-22,-0.0005619919050117161,10.0,0.0
2016-09-23,-0.017076238662987464,10.0,0.0
2016-09-26,0.0021977475895536003,10.0,0.0
2016-09-27,-0.020100115156846066,10.0,0.0
2016-09-28,0.01191000003113718,10.0,0.0
2016-09-29,-0.01555583666009408,10.0,0.0
2016-09-30,0.020104024783981878,10.0,0.0
2016-10-03,0.0001495102086384037,10.0,0.0
2016-10-04,-0.012384666425927726,10.0,0.0
2016-10-05,0.013971909143734251,10.0,0.0
2016-10-06,-0.02031745318654643,10.0,0.0
2016-10-07,-0.00790598467526138,10.0,0.0
2016-10-10,0.00029886710084081614,10.0,0.0
2016-10-11,-0.001517502049322772,10.0,0.0
2016-10-12,-0.029828782025560052,10.0,0.0
2016-10-13,-0.013509698139199777,10.0,0.0
2016-10-14,0.002823515136350707,10.0,0.0
2016-10-17,-0.01949837339039817,10.0,0.0
2016-10-18,0.01929643947998816,10.0,0.0
2016-10-19,0.007727713331789232,10.0,0.0
2016-10-20,-0.007413605860666195,10.0,0.0
2016-10-21,-0.003004386979500673,10.0,0.0
2016-10-24,0.02822346185747726,10.0,0.0
2016-10-25,0.014339826763144714,10.0,0.0
2016-10-26,0.0060032871729926995,10.0,0.0
2016-10-27,-0.020932781556513902,10.0,0.0
2016-10-28,0.024744169779689074,10.0,0.0
2016-10-31,0.01608601603310955,10.0,0.0
2016-11-01,-0.0019260808133978458,10.0,0.0
2016-11-02,-0.007945471038132368,10.0,0.0
2016-11-03,-0.002518559081651439,10.0,0.0
2016-11-04,-0.017729050213004527,10.0,0.0
2016-11-07,-0.00676178336560973,10.0,0.0
2016-11-08,0.011747407712317859,10.0,0.0
2016-11-09,-0.026814319158638966,10.0,0.0
2016-11-10,-0.0044111156136343865,10.0,0.0
2016-11-11,0.002006339593197737,10.0,0.0
2016-11-14,0.001853520559849997,10.0,0.0
2016-11-15,-0.01738405431050083,10.0,0.0
2016-11-16,-0.017432293369906482,10.0,0.0
2016-11-17,0.01663748073687632,10.0,0.0
2016-11-18,-0.01806793639224491,10.0,0.0
2016-11-21,0.01542976434462684,10.0,0.0
2016-11-22,-0.006935479726627669,10.0,0.0
2016-11-23,0.01649694525451384,10.0,0.0
2016-11-24,-0.006016177581074977,10.0,0.0
2016-11-25,-0.01719706980924407,10.0,0.0
2016-11-28,0.013148322845901284,10.0,0.0
2016-11-29,3.913166654712086e-05,10.0,0.0
2016-11-30,0.022028648779866877,10.0,0.0
2016-12-01,0.013683001277067675,10.0,0.0
2016-12-02,-0.003141399434157144,10.0,0.0
2016-12-05,-0.006445014024944129,10.0,0.0
2016-12-06,0.0006505851493079362,10.0,0.0
2016-12-07,0.003153150267888094,10.0,0.0
2016-12-08,-0.012926227900976528,10.0,0.0
2016-12-09,0.012929093595368535,10.0,0.0
2016-12-12,-0.005660452377155956,10.0,0.0
2016-12-13,-0.006045416177300034,10.0,0.0
2016-12-14,-0.007810325060587431,10.0,0.0
2016-12-15,0.003765259010150679,10.0,0.0
2016-12-16,-0.010080789025812997,10.0,0.0
2016-12-19,0.002324551649854456,10.0,0.0
2016-12-20,0.04179904606652762,10.0,0.0
2016-12-21,-0.0005041419010698434,10.0,0.0
2016-12-22,-0.006210071074479906,10.0,0.0
2016-12-23,-0.024715338422217847,10.0,0.0
2016-12-26,0.0010533288714604794,10.0,0.0
2016-12-27,-0.016338464148743626,10.0,0.0
2016-12-28,-0.005333371784574048,10.0,0.0
2016-12-29,0.002574113904707076,10.0,0.0
2016-12-30,-0.02566484174733219,10.0,0.0
2017-01-02,0.0026619412859769653,10.0,0.0
2017-01-03,0.00486772763139065,10.0,0.0
2017-01-04,-0.019156500294999823,10.0,0.0
2017-01-05,-0.005584637881936416,10.0,0.0
2017-01-06,-0.027159995432667117,10.0,0.0
2017-01-09,0.023932514037636743,10.0,0.0
2017-01-10,0.005258449148231925,10.0,0.0
2017-01-11,-0.0023938275146857535,10.0,0.0
2017-01-12,-0.002151537459842423,10.0,0.0
2017-01-13,0.017271654120985858,10.0,0.0
2017-01-16,-0.0011124832788089734,10.0,0.0
2017-01-17,0.005262251569136289,10.0,0.0
2017-01-18,0.02307944340548218,10.0,0.0
2017-01-19,-0.004892507220032982,10.0,0.0
2017-01-20,-0.016089529867600483,10.0,0.0
2017-01-23,-0.012067508621304235,10.0,0.0
2017-01-24,0.021729957516589238,10.0,0.0
2017-01-25,0.0016714246277107492,10.0,0.0
2017-01-26,-0.007234969324045437,10.0,0.0
2017-01-27,0.014904665696987784,10.0,0.0
2017-01-30,0.015269360785157282,10.0,0.0
2017-01-31,-0.006834716518596906,10.0,0.0
2017-02-01,-0.014279052556281258,10.0,0.0
2017-02-02,-0.0232579290159185,10.0,0.0
2017-02-03,-0.02660833381389338,10.0,0.0
2017-02-06,-0.0036747967776902257,10.0,0.0
2017-02-07,-0.01309793920555169,10.0,0.0
2017-02-08,0.028177116147093173,10.0,0.0
2017-02-09,0.001178066320425053,10.0,0.0
2017-02-10,-0.02883224314876731,10.0,0.0
2017-02-13,0.02158093913265091,10.0,0.0
2017-02-14,0.0027256546412637306,10.0,0.0
2017-02-15,0.010874692205597114,10.0,0.0
2017-02-16,0.010530521652500902,10.0,0.0
2017-02-17,0.0047483485092980615,10.0,0.0
2017-02-20,0.00815013945651799,10.0,0.0
2017-02-21,0.003881410075945446,10.0,0.0
2017-02-22,-0.01629578858948122,10.0,0.0
2017-02-23,0.00580098297213727,10.0,0.0
2017-02-24,0.015658582574888058,10.0,0.0
2017-02-27,-0.0028508461896876724,10.0,0.0
2017-02-28,0.008569533271046481,10.0,0.0
2017-03-01,0.006593837177971018,10.0,0.0
2017-03-02,0.027534780958786698,10.0,0.0
2017-03-03,-0.0034912545104965886,10.0,0.0
2017-03-06,-0.004080062441553345,10.0,0.0
2017-03-07,-0.0014539761022014375,10.0,0.0
2017-03-08,-0.0012358661265556847,10.0,0.0
2017-03-09,-0.03378926566431417,10.0,0.0
2017-03-10,-0.009339147621998833,10.0,0.0
2017-03-13,0.0047982759981870515,10.0,0.0
2017-03-14,0.00017615227998213356,10.0,0.0
2017-03-15,-0.011690087312957509,10.0,0.0
2017-03-16,-0.009671688782630028,10.0,0.0
2017-03-17,-0.005034196924454726,10.0,0.0
2017-03-20,-0.011723576712036277,10.0,0.0
2017-03-21,-0.007395759156651138,10.0,0.0
2017-03-22,-0.007790851792178088,10.0,0.0
2017-03-23,0.013730562699107551,10.0,0.0
2017-03-24,0.015545869028116499,10.0,0.0
2017-03-27,0.016303776415919735,9.75,-0.25
2017-03-28,0.0067005269876290185,9.75,0.0
2017-03-29,-0.010324837266203701,9.75,0.0
2017-03-30,0.014697456749906301,9.75,0.0
2017-03-31,-0.004413758797791267,9.75,0.0
2017-04-03,0.000645783123891519,9.75,0.0
2017-04-04,0.020373307978958977,9.75,0.0
2017-04-05,0.0015598928419748859,9.75,0.0
2017-04-06,0.004009260453564423,9.75,0.0
2017-04-07,-0.02089169228994958,9.75,0.0
2017-04-10,0.007605139406503092,9.75,0.0
2017-04-11,-0.014400099709537706,9.75,0.0
2017-04-12,0.015479094845519015,9.75,0.0
2017-04-13,-0.002468987657592514,9.75,0.0
2017-04-14,-0.03324253263025678,9.75,0.0
2017-04-17,-0.005070301538450117,9.75,0.0
2017-04-18,-0.003120518074289258,9.75,0.0
2017-04-19,0.007582128391171672,9.75,0.0
2017-04-20,0.010357685859707644,9.75,0.0
2017-04-21,-0.004616463670817694,9.75,0.0
2017-04-24,0.015493022922807853,9.75,0.0
2017-04-25,-0.047205829929793275,9.75,0.0
2017-04-26,-0.010409834970378284,9.75,0.0
2017-04-27,-0.01638546406255781,9.75,0.0
2017-04-28,-0.018512752658774723,9.75,0.0
2017-05-01,0.014695595570213271,9.75,0.0
2017-05-02,0.01673755598537241,9.25,-0.5
2017-05-03,-0.011336550306153548,9.25,0.0
2017-05-04,0.017970855059399327,9.25,0.0
2017-05-05,0.0018220033867866192,9.25,0.0
2017-05-08,-0.006025261511627633,9.25,0.0
2017-05-09,-0.010093841945585602,9.25,0.0
2017-05-10,-0.0113740758969465,9.25,0.0
2017-05-11,0.007391622861742775,9.25,0.0
2017-05-12,0.010052323514504913,9.25,0.0
2017-05-15,0.0038775181828185623,9.25,0.0
2017-05-16,-0.030453265160746312,9.25,0.0
2017-05-17,0.004745379840793262,9.25,0.0
2017-05-18,0.00878094846058275,9.25,0.0
2017-05-19,-0.009738084081967635,9.25,0.0
2017-05-22,0.0009487581434761694,9.25,0.0
2017-05-23,-0.027658264489511808,9.25,0.0
2017-05-24,-0.01814953592519597,9.25,0.0
2017-05-25,-0.004563530223608225,9.25,0.0
2017-05-26,-0.004346267160241446,9.25,0.0
2017-05-29,0.005575190576244005,9.25,0.0
2017-05-30,-0.01750388079794174,9.25,0.0
2017-05-31,-0.00481809096930963,9.25,0.0
2017-06-01,-0.007046696706201061,9.25,0.0
2017-06-02,0.008220157109688486,9.25,0.0
2017-06-05,0.021615641525523976,9.25,0.0
2017-06-06,0.026113804797152085,9.25,0.0
2017-06-07,-0.023226600702471067,9.25,0.0
2017-06-08,-0.00042021287625626513,9.25,0.0
2017-06-09,-0.016387939653672134,9.25,0.0
2017-06-12,-0.0006711742722931291,9.25,0.0
2017-06-13,0.006643789194239247,9.25,0.0
2017-06-14,0.0015223634805510144,9.25,0.0
2017-06-15,-0.00043517548191651656,9.25,0.0
2017-06-16,0.022545587621479513,9.25,0.0
2017-06-19,0.013114840875558365,9.0,-0.25
2017-06-20,-0.003789816923067235,9.0,0.0
2017-06-21,0.000663170413429448,9.0,0.0
2017-06-22,0.013363467101841664,9.0,0.0
2017-06-23,0.009446857590589275,9.0,0.0
2017-06-26,-0.006076141555512393,9.0,0.0
2017-06-27,-0.0263286426165541,9.0,0.0
2017-06-28,-0.01746986239159032,9.0,0.0
2017-06-29,0.002489688375202803,9.0,0.0
2017-06-30,-0.026497902790184824,9.0,0.0
2017-07-03,-0.0019859174702467897,9.0,0.0
2017-07-04,-0.006503537642812418,9.0,0.0
2017-07-05,0.0152887920457081,9.0,0.0
2017-07-06,-0.019470657352131937,9.0,0.0
2017-07-07,-0.028676534683515165,9.0,0.0
2017-07-10,-0.005994611124151561,9.0,0.0
2017-07-11,0.009821446973902859,9.0,0.0
2017-07-12,0.016348778983910073,9.0,0.0
2017-07-13,-0.01333990524839912,9.0,0.0
2017-07-14,0.007353956213942858,9.0,0.0
2017-07-17,-0.016371456716434807,9.0,0.0
2017-07-18,-0.01093241198354189,9.0,0.0
2017-07-19,0.008813920890416327,9.0,0.0
2017-07-20,0.011072258138277391,9.0,0.0
2017-07-21,-0.01469071123910215,9.0,0.0
2017-07-24,0.0074234748440549225,9.0,0.0
2017-07-25,-0.02772749719875911,9.0,0.0
2017-07-26,-0.002739883607483229,9.0,0.0
2017-07-27,-0.016713720394174736,9.0,0.0
2017-07-28,-0.011815490102957682,9.0,0.0
2017-07-31,-0.018841160282164537,9.0,0.0
2017-08-01,0.00860439593008433,9.0,0.0
2017-08-02,0.008608117056478015,9.0,0.0
2017-08-03,-0.010068006679991193,9.0,0.0
2017-08-04,0.005933734596653473,9.0,0.0
2017-08-07,0.004219088297030993,9.0,0.0
2017-08-08,-0.0016267763150015213,9.0,0.0
2017-08-09,0.03267255299375371,9.0,0.0
2017-08-10,-0.01231317925709785,9.0,0.0
2017-08-11,0.0005145763606968501,9.0,0.0
2017-08-14,-0.005435805439433672,9.0,0.0
2017-08-15,-0.005276700219456032,9.0,0.0
2017-08-16,0.0026911800613715897,9.0,0.0
2017-08-17,-0.004115935502843726,9.0,0.0
2017-08-18,-0.012606401401384026,9.0,0.0
2017-08-21,0.0021634124693958867,9.0,0.0
2017-08-22,0.01803497470130999,9.0,0.0
2017-08-23,0.014441495699677454,9.0,0.0
2017-08-24,0.00334566732613073,9.0,0.0
2017-08-25,-0.010730952206984057,9.0,0.0
2017-08-28,0.0030964440059921827,9.0,0.0
2017-08-29,0.0165696453501889,9.0,0.0
2017-08-30,0.0181678389349047,9.0,0.0
2017-08-31,0.00569530589349565,9.0,0.0
2017-09-01,-0.005165358002493292,9.0,0.0
2017-09-04,-0.0027412912414925827,9.0,0.0
2017-09-05,0.011880688910077097,9.0,0.0
2017-09-06,0.01059519322306901,9.0,0.0
2017-09-07,-0.026065494182069493,9.0,0.0
2017-09-08,0.010179263471884248,9.0,0.0
2017-09-11,0.010969325100442795,9.0,0.0
2017-09-12,-0.013007871375079638,9.0,0.0
2017-09-13,-0.011174716743354907,9.0,0.0
2017-09-14,-0.011057461471764896,9.0,0.0
2017-09-15,-0.009903942037842839,9.0,0.0
2017-09-18,-0.01695124380791313,8.5,-0.5
2017-09-19,0.004996378943279645,8.5,0.0
2017-09-20,-0.0114857909815127,8.5,0.0
2017-09-21,-0.0007557575413699169,8.5,0.0
2017-09-22,-0.007163531745734808,8.5,0.0
2017-09-25,0.004127662820950562,8.5,0.0
2017-09-26,-0.014859255541079364,8.5,0.0
2017-09-27,0.003978980623446482,8.5,0.0
2017-09-28,0.006146715239156109,8.5,0.0
2017-09-29,0.012713918777978783,8.5,0.0
2017-10-02,0.02981653634086001,8.5,0.0
2017-10-03,-0.031081526553813354,8.5,0.0
2017-10-04,0.005104715015597172,8.5,0.0
2017-10-05,-0.010337442624100746,8.5,0.0
2017-10-06,-0.028575880093667294,8.5,0.0
2017-10-09,0.01292445934960007,8.5,0.0
2017-10-10,0.02028299825842339,8.5,0.0
2017-10-11,-0.005574415657489062,8.5,0.0
2017-10-12,0.0034637444433300857,8.5,0.0
2017-10-13,-0.0006611511024470218,8.5,0.0
2017-10-16,0.006812965021397943,8.5,0.0
2017-10-17,0.013508036233853993,8.5,0.0
2017-10-18,0.005474060035400186,8.5,0.0
2017-10-19,0.0054865489419029245,8.5,0.0
2017-10-20,0.019196048143074407,8.5,0.0
2017-10-23,-0.0021699333326496983,8.5,0.0
2017-10-24,0.014145968569484246,8.5,0.0
2017-10-25,-0.012030006332872212,8.5,0.0
2017-10-26,0.024406274200750033,8.5,0.0
2017-10-27,0.01136738088559408,8.5,0.0
2017-10-30,-0.0037563930083717167,8.25,-0.25
2017-10-31,-0.03141822220634527,8.25,0.0
2017-11-01,0.00029533924303315473,8.25,0.0
2017-11-02,-0.017427141131562074,8.25,0.0
2017-11-03,0.004794519047696788,8.25,0.0
2017-11-06,0.022067532342006757,8.25,0.0
2017-11-07,0.002700896891947302,8.25,0.0
2017-11-08,-0.0023701892148677572,8.25,0.0
2017-11-09,0.005433081059938338,8.25,0.0
2017-11-10,0.004584752941648063,8.25,0.0
2017-11-13,-0.035142961626783986,8.25,0.0
2017-11-14,0.003914052961057735,8.25,0.0
2017-11-15,0.009604160341765144,8.25,0.0
2017-11-16,-0.00359012451439078,8.25,0.0
2017-11-17,0.014978386172107783,8.25,0.0
2017-11-20,-0.0016151186187443045,8.25,0.0
2017-11-21,0.011804981437205875,8.25,0.0
2017-11-22,0.03439657660593198,8.25,0.0
2017-11-23,-0.0011458669353974216,8.25,0.0
2017-11-24,-0.028831982488773278,8.25,0.0
2017-11-27,-0.004748875861134039,8.25,0.0
2017-11-28,-0.025588350071850563,8.25,0.0
2017-11-29,0.009468567396605287,8.25,0.0
2017-11-30,0.01994026461049625,8.25,0.0
2017-12-01,0.010738194925763445,8.25,0.0
2017-12-04,0.00510462319119398,8.25,0.0
2017-12-05,-0.009373881862871691,8.25,0.0
2017-12-06,0.023934746189497424,8.25,0.0
2017-12-07,0.011599143179990001,8.25,0.0
2017-12-08,0.004567043350943045,8.25,0.0
2017-12-11,0.003372904785698516,8.25,0.0
2017-12-12,0.0019744103797503243,8.25,0.0
2017-12-13,0.007083246359391282,8.25,0.0
2017-12-14,-0.008899907685924191,8.25,0.0
2017-12-15,0.023178749010051014,8.25,0.0
2017-12-18,0.006585096293108883,7.75,-0.5
2017-12-19,0.00930081675708827,7.75,0.0
2017-12-20,-0.006203509165041865,7.75,0.0
2017-12-21,0.005923778003601221,7.75,0.0
2017-12-22,-0.03392628639459705,7.75,0.0
2017-12-25,-0.01647448317687239,7.75,0.0
2017-12-26,-0.00017119729779668802,7.75,0.0
2017-12-27,-0.019537096650849683,7.75,0.0
2017-12-28,0.036891210957977094,7.75,0.0
2017-12-29,-0.02472121970864105,7.75,0.0
2018-01-01,0.005488511235538951,7.75,0.0
2018-01-02,0.025136597302112484,7.75,0.0
2018-01-03,0.007519305891181993,7.75,0.0
2018-01-04,-0.00435341330072081,7.75,0.0
2018-01-05,-0.00798216125749196,7.75,0.0
2018-01-08,0.01039883233158978,7.75,0.0
2018-01-09,-0.011704060215638634,7.75,0.0
2018-01-10,-0.001492291647131161,7.75,0.0
2018-01-11,0.010667979085771329,7.75,0.0
2018-01-12,-0.004318185398644481,7.75,0.0
2018-01-15,0.0016126501528308523,7.75,0.0
2018-01-16,-0.004261294388235193,7.75,0.0
2018-01-17,-0.014246964052603062,7.75,0.0
2018-01-18,0.018137257270832485,7.75,0.0
2018-01-19,0.021195993608745134,7.75,0.0
2018-01-22,-0.004450499308551237,7.75,0.0
2018-01-23,-0.0036836423801780427,7.75,0.0
2018-01-24,-0.002368490084698749,7.75,0.0
2018-01-25,0.008382049104387335,7.75,0.0
2018-01-26,-0.013279503978623097,7.75,0.0
2018-01-29,-0.001027879583288538,7.75,0.0
2018-01-30,0.004244385827536945,7.75,0.0
2018-01-31,0.009930632240808812,7.75,0.0
2018-02-01,-0.041412559123221726,7.75,0.0
2018-02-02,0.0063510481435278265,7.75,0.0
2018-02-05,0.005487701428786629,7.75,0.0
2018-02-06,0.015415923550493815,7.75,0.0
2018-02-07,-0.007593960228310159,7.75,0.0
2018-02-08,-0.007475298079035575,7.75,0.0
2018-02-09,0.018337748800044906,7.75,0.0
2018-02-12,-0.021147350592237935,7.5,-0.25
2018-02-13,0.02473635437072108,7.5,0.0
2018-02-14,0.03863841688841774,7.5,0.0
2018-02-15,0.007461775270573234,7.5,0.0
2018-02-16,0.012511477103648971,7.5,0.0
2018-02-19,-0.022043725606490483,7.5,0.0
2018-02-20,-0.010118396800463003,7.5,0.0
2018-02-21,0.016167938207581223,7.5,0.0
2018-02-22,0.0057272302047337575,7.5,0.0
2018-02-23,-0.002421411945402241,7.5,0.0
2018-02-26,0.0037930369850931456,7.5,0.0
2018-02-27,0.007904647264804332,7.5,0.0
2018-02-28,-0.004096435516305341,7.5,0.0
2018-03-01,-0.00013418917465113367,7.5,0.0
2018-03-02,-0.0002446106219844424,7.5,0.0
2018-03-05,-0.01548418472116353,7.5,0.0
2018-03-06,0.005153919419385922,7.5,0.0
2018-03-07,0.02735378871919636,7.5,0.0
2018-03-08,0.026279431952793253,7.5,0.0
2018-03-09,-0.021845989437776048,7.5,0.0
2018-03-12,0.008859468298150652,7.5,0.0
2018-03-13,0.010432556713587005,7.5,0.0
2018-03-14,-0.005857656942354517,7.5,0.0
2018-03-15,-0.01416300052068653,7.5,0.0
2018-03-16,-0.019512214712574583,7.5,0.0
2018-03-19,-0.006370556682750106,7.5,0.0
2018-03-20,0.005550137049107562,7.5,0.0
2018-03-21,-0.002070872636508625,7.5,0.0
2018-03-22,-0.008863996323947632,7.5,0.0
2018-03-23,-0.018437349470262987,7.5,0.0
2018-03-26,0.007560743875824727,7.25,-0.25
2018-03-27,0.016298136704541832,7.25,0.0
2018-03-28,-0.013603829580517868,7.25,0.0
2018-03-29,0.007026434462231279,7.25,0.0
2018-03-30,-0.027892128658656645,7.25,0.0
2018-04-02,-0.009561991634118527,7.25,0.0
2018-04-03,0.011244061792736737,7.25,0.0
2018-04-04,-0.016466508140844383,7.25,0.0
2018-04-05,-0.008766550872186585,7.25,0.0
2018-04-06,0.021569502426550535,7.25,0.0
2018-04-09,-0.010692659703788188,7.25,0.0
2018-04-10,-0.012509172288439174,7.25,0.0
2018-04-11,0.008937725428960874,7.25,0.0
2018-04-12,0.02962100344732921,7.25,0.0
2018-04-13,-0.0032950492094121486,7.25,0.0
2018-04-16,0.011831037904779684,7.25,0.0
2018-04-17,0.020486537701724927,7.25,0.0
2018-04-18,0.005183282443208093,7.25,0.0
2018-04-19,-0.0037487685177755026,7.25,0.0
2018-04-20,-0.012844901079382964,7.25,0.0
2018-04-23,-0.021078164413816047,7.25,0.0
2018-04-24,0.016975526176557842,7.25,0.0
2018-04-25,0.0030143571861280805,7.25,0.0
2018-04-26,0.020292014136344072,7.25,0.0
2018-04-27,0.01513387974524516,7.25,0.0
2018-04-30,-0.008954557800413987,7.25,0.0
2018-05-01,-0.01750330049850568,7.25,0.0
2018-05-02,0.0064900437440540415,7.25,0.0
2018-05-03,-0.009187603265118582,7.25,0.0
2018-05-04,0.0059503371150109174,7.25,0.0
2018-05-07,-0.010667279064921154,7.25,0.0
2018-05-08,-0.012618378797959018,7.25,0.0
2018-05-09,-0.0018148621431102185,7.25,0.0
2018-05-10,0.014311509306119241,7.25,0.0
2018-05-11,0.004898098429704234,7.25,0.0
2018-05-14,0.01797562723007662,7.25,0.0
2018-05-15,-0.018203425545828544,7.25,0.0
2018-05-16,-0.015556157122984082,7.25,0.0
2018-05-17,-0.0010374554874053032,7.25,0.0
2018-05-18,0.03278552074939611,7.25,0.0
2018-05-21,0.010414291703435552,7.25,0.0
2018-05-22,-0.015699191130670975,7.25,0.0
2018-05-23,-0.0008421067943658045,7.25,0.0
2018-05-24,0.0036107218620191617,7.25,0.0
2018-05-25,-0.008230286183414925,7.25,0.0
2018-05-28,0.009499124865847364,7.25,0.0
2018-05-29,-0.0020466920724722115,7.25,0.0
2018-05-30,-0.0041899607731448185,7.25,0.0
2018-05-31,0.019203851807887418,7.25,0.0
2018-06-01,-0.025344913532404867,7.25,0.0
2018-06-04,-0.01412708012677033,7.25,0.0
2018-06-05,-0.011959634721611323,7.25,0.0
2018-06-06,-0.012415216049980415,7.25,0.0
2018-06-07,-0.010631295679370822,7.25,0.0
2018-06-08,0.007627139368362457,7.25,0.0
2018-06-11,0.0167479924261551,7.25,0.0
2018-06-12,0.014040618909838543,7.25,0.0
2018-06-13,-0.014993431897935672,7.25,0.0
2018-06-14,-0.0013112684785481221,7.25,0.0
2018-06-15,0.007083978202122587,7.25,0.0
2018-06-18,0.0039000442842818117,7.25,0.0
2018-06-19,0.019886210992638098,7.25,0.0
2018-06-20,-0.009830013533159487,7.25,0.0
2018-06-21,0.002644791316511963,7.25,0.0
2018-06-22,-0.005598460723591714,7.25,0.0
2018-06-25,0.004066125286342981,7.25,0.0
2018-06-26,-0.015883453690345384,7.25,0.0
2018-06-27,-0.013634065814363439,7.25,0.0
2018-06-28,-0.010651662896827396,7.25,0.0
2018-06-29,-0.00815503966732578,7.25,0.0
2018-07-02,0.023518848984491747,7.25,0.0
2018-07-03,0.01793102871443164,7.25,0.0
2018-07-04,-0.002889745060709714,7.25,0.0
2018-07-05,0.0028939994131427227,7.25,0.0
2018-07-06,-0.023616540271655495,7.25,0.0
2018-07-09,-0.0023893851982723646,7.25,0.0
2018-07-10,0.0026942206996762863,7.25,0.0
2018-07-11,0.017485263201018064,7.25,0.0
2018-07-12,0.005202070795124136,7.25,0.0
2018-07-13,0.006793350881633131,7.25,0.0
2018-07-16,0.004766443346257532,7.25,0.0
2018-07-17,0.0043350178450820565,7.25,0.0
2018-07-18,-0.020651387639024854,7.25,0.0
2018-07-19,-0.005951365025104849,7.25,0.0
2018-07-20,0.021823301978123766,7.25,0.0
2018-07-23,0.012658446639138177,7.25,0.0
2018-07-24,0.0077135174859774835,7.25,0.0
2018-07-25,0.0013007296383609201,7.25,0.0
2018-07-26,0.010191620936184975,7.25,0.0
2018-07-27,-0.013873341134292616,7.25,0.0
2018-07-30,-0.023400893430205905,7.25,0.0
2018-07-31,-0.0054312982835247325,7.25,0.0
2018-08-01,0.0083688458658564,7.25,0.0
2018-08-02,0.0019174482340291732,7.25,0.0
2018-08-03,0.015509380182674448,7.25,0.0
2018-08-06,0.0055717577484069025,7.25,0.0
2018-08-07,0.0009726329432151459,7.25,0.0
2018-08-08,0.020212274310234868,7.25,0.0
2018-08-09,0.01728563667686167,7.25,0.0
2018-08-10,-0.001171369518291776,7.25,0.0
2018-08-13,-0.01624574791524136,7.25,0.0
2018-08-14,-0.01331042238383251,7.25,0.0
2018-08-15,-0.0021217670742617045,7.25,0.0
2018-08-16,-0.005202170754786906,7.25,0.0
2018-08-17,0.02516643494820947,7.25,0.0
2018-08-20,-0.024902012234169213,7.25,0.0
2018-08-21,-0.0006638668033387418,7.25,0.0
2018-08-22,-0.01569339731097319,7.25,0.0
2018-08-23,0.002052028033696196,7.25,0.0
2018-08-24,0.006033972493379558,7.25,0.0
2018-08-27,-0.005773454616208262,7.25,0.0
2018-08-28,0.008257221205222542,7.25,0.0
2018-08-29,-0.002679404107594152,7.25,0.0
2018-08-30,-0.0023909341913430637,7.25,0.0
2018-08-31,-0.005968330881283457,7.25,0.0
2018-09-03,0.01006236433097385,7.25,0.0
2018-09-04,0.0023775219555934868,7.25,0.0
2018-09-05,0.02389859444674247,7.25,0.0
2018-09-06,0.019350373152365208,7.25,0.0
2018-09-07,0.008606619113558978,7.25,0.0
2018-09-10,-0.03209162469150062,7.25,0.0
2018-09-11,-0.021964924680609954,7.25,0.0
2018-09-12,0.015093758591847362,7.25,0.0
2018-09-13,-0.006834578392875379,7.25,0.0
2018-09-14,0.003822656365174204,7.25,0.0
2018-09-17,-0.011157130999995601,7.5,0.25
2018-09-18,0.008068299457743677,7.5,0.0
2018-09-19,0.014669849161417226,7.5,0.0
2018-09-20,-0.01784441609378451,7.5,0.0
2018-09-21,-0.011903571382313238,7.5,0.0
2018-09-24,-0.024655926199975475,7.5,0.0
2018-09-25,0.0038011096774317465,7.5,0.0
2018-09-26,-0.024679206312447022,7.5,0.0
2018-09-27,-0.005191225423479828,7.5,0.0
2018-09-28,0.008094167197992164,7.5,0.0
2018-10-01,0.031171394020124588,7.5,0.0
2018-10-02,0.005826275134311665,7.5,0.0
2018-10-03,0.019093271129623446,7.5,0.0
2018-10-04,0.004187382638396464,7.5,0.0
2018-10-05,0.004938651140775185,7.5,0.0
2018-10-08,-0.0028638434665975154,7.5,0.0
2018-10-09,-0.005449051993554832,7.5,0.0
2018-10-10,0.017915672273140615,7.5,0.0
2018-10-11,0.0059201152923744615,7.5,0.0
2018-10-12,0.005344445173268042,7.5,0.0
2018-10-15,-0.008822628906465901,7.5,0.0
2018-10-16,-0.00487562597142599,7.5,0.0
2018-10-17,0.031312357244685174,7.5,0.0
2018-10-18,-0.0007125274564234729,7.5,0.0
2018-10-19,0.020192520893879795,7.5,0.0
2018-10-22,-0.007503775670011592,7.5,0.0
2018-10-23,0.012323162573224522,7.5,0.0
2018-10-24,0.0046469339826842315,7.5,0.0
2018-10-25,-0.005755696580147074,7.5,0.0
2018-10-26,0.010028443478167226,7.5,0.0
2018-10-29,-0.022851658633387117,7.5,0.0
2018-10-30,0.008919321433817018,7.5,0.0
2018-10-31,0.01210354832867555,7.5,0.0
2018-11-01,0.004396097821690148,7.5,0.0
2018-11-02,0.019963855447557854,7.5,0.0
2018-11-05,-0.0007215068204038388,7.5,0.0
2018-11-06,-0.0019370877697673095,7.5,0.0
2018-11-07,0.005625592936620016,7.5,0.0
2018-11-08,0.013315593790802716,7.5,0.0
2018-11-09,0.008847607716787387,7.5,0.0
2018-11-12,-0.0030991961199395845,7.5,0.0
2018-11-13,-0.014628417677679195,7.5,0.0
2018-11-14,0.010252188839194432,7.5,0.0
2018-11-15,-0.011543569114096819,7.5,0.0
2018-11-16,-0.011974130519403658,7.5,0.0
2018-11-19,-0.009519647640640727,7.5,0.0
2018-11-20,0.0011656321013546744,7.5,0.0
2018-11-21,-0.011644446964357513,7.5,0.0
2018-11-22,-0.016735320551775068,7.5,0.0
2018-11-23,-0.00958262916686703,7.5,0.0
2018-11-26,-0.002449977156913974,7.5,0.0
2018-11-27,0.007114267022176435,7.5,0.0
2018-11-28,0.0013090036614560319,7.5,0.0
2018-11-29,-0.015906931428732562,7.5,0.0
2018-11-30,0.0037299319735648595,7.5,0.0
2018-12-03,0.005141332820940647,7.5,0.0
2018-12-04,-0.006524447856218529,7.5,0.0
2018-12-05,-0.011643690882419122,7.5,0.0
2018-12-06,-0.011649452310935615,7.5,0.0
2018-12-07,-0.00767718475268353,7.5,0.0
2018-12-10,0.033513630546537776,7.5,0.0
2018-12-11,-0.013036086131857694,7.5,0.0
2018-12-12,0.004289987507682724,7.5,0.0
2018-12-13,-0.010411538945593435,7.5,0.0
2018-12-14,-0.007289746736780067,7.5,0.0
2018-12-17,-0.012292046590945738,7.75,0.25
2018-12-18,0.012318035788598358,7.75,0.0
2018-12-19,0.005986617428149543,7.75,0.0
2018-12-20,-0.001640157017112287,7.75,0.0
2018-12-21,0.007844024199746613,7.75,0.0
2018-12-24,0.011451985429108191,7.75,0.0
2018-12-25,-0.01246072569602319,7.75,0.0
2018-12-26,0.008508786197745977,7.75,0.0
2018-12-27,-0.010464475266324769,7.75,0.0
2018-12-28,0.012869028407902938,7.75,0.0
2018-12-31,0.011402977190798858,7.75,0.0
2019-01-01,0.0063555457604511645,7.75,0.0
2019-01-02,-0.002848895118360062,7.75,0.0
2019-01-03,-0.007591638946816914,7.75,0.0
2019-01-04,-0.0036544304800960603,7.75,0.0
2019-01-07,0.011837321460802741,7.75,0.0
2019-01-08,-0.009934965685014951,7.75,0.0
2019-01-09,0.001045068599554888,7.75,0.0
2019-01-10,-0.025914437539826807,7.75,0.0
2019-01-11,0.004205619877864386,7.75,0.0
2019-01-14,-0.015232926261314006,7.75,0.0
2019-01-15,-0.01947205097752569,7.75,0.0
2019-01-16,0.00808072322911002,7.75,0.0
2019-01-17,0.0034550629520069265,7.75,0.0
2019-01-18,-0.006350662344720703,7.75,0.0
2019-01-21,-0.004231435136539119,7.75,0.0
2019-01-22,0.03436550651185044,7.75,0.0
2019-01-23,-0.0026121643953445073,7.75,0.0
2019-01-24,-0.002718240424163909,7.75,0.0
2019-01-25,0.010084579187321197,7.75,0.0
2019-01-28,0.0016081850590250468,7.75,0.0
2019-01-29,0.015111426746363676,7.75,0.0
2019-01-30,0.004461732028231857,7.75,0.0
2019-01-31,0.011716337138076405,7.75,0.0
2019-02-01,0.0069499561947719,7.75,0.0
2019-02-04,0.009979556472354822,7.75,0.0
2019-02-05,-0.0003397945476928399,7.75,0.0
2019-02-06,0.0036379166590370104,7.75,0.0
2019-02-07,-0.0037655323980088085,7.75,0.0
2019-02-08,0.009362542610794833,7.75,0.0
2019-02-11,-0.019890580268480562,7.75,0.0
2019-02-12,0.011192044348320884,7.75,0.0
2019-02-13,0.015270380253333826,7.75,0.0
2019-02-14,0.011426426668720069,7.75,0.0
2019-02-15,-0.0012614657927487727,7.75,0.0
2019-02-18,0.007878438166604163,7.75,0.0
2019-02-19,-0.011348680019156454,7.75,0.0
2019-02-20,0.012856533208515764,7.75,0.0
2019-02-21,-0.01618822935887554,7.75,0.0
2019-02-22,0.009205966818742972,7.75,0.0
2019-02-25,0.008289860919201253,7.75,0.0
2019-02-26,0.006400917543954776,7.75,0.0
2019-02-27,-0.006406254663708033,7.75,0.0
2019-02-28,0.011702493494512467,7.75,0.0
2019-03-01,-0.02725897293845403,7.75,0.0
2019-03-04,0.01195832718551948,7.75,0.0
2019-03-05,0.003171568642993172,7.75,0.0
2019-03-06,0.01606438008812816,7.75,0.0
2019-03-07,0.0033007347737479265,7.75,0.0
2019-03-08,0.027872852201396014,7.75,0.0
2019-03-11,-0.013827290001722226,7.75,0.0
2019-03-12,0.00944110977752377,7.75,0.0
2019-03-13,-0.012990067337335987,7.75,0.0
2019-03-14,-0.001595792706813981,7.75,0.0
2019-03-15,0.01143558881464024,7.75,0.0
2019-03-18,0.009681454893157415,7.75,0.0
2019-03-19,0.03149308020536523,7.75,0.0
2019-03-20,-0.004971101000452727,7.75,0.0
2019-03-21,0.0195900201621928,7.75,0.0
2019-03-22,-0.0035145028069525353,7.75,0.0
2019-03-25,-0.010213501324270347,7.75,0.0
2019-03-26,-0.024044303421255186,7.75,0.0
2019-03-27,0.0027400593885316127,7.75,0.0
2019-03-28,-0.007519584084241693,7.75,0.0
2019-03-29,0.013012760547433722,7.75,0.0
2019-04-01,-0.007626011324016524,7.75,0.0
2019-04-02,-0.006849023363729501,7.75,0.0
2019-04-03,0.005619829146464639,7.75,0.0
2019-04-04,0.02611823697209026,7.75,0.0
2019-04-05,-0.01602974821404235,7.75,0.0
2019-04-08,0.01556419207097992,7.75,0.0
2019-04-09,0.013411579496930948,7.75,0.0
2019-04-10,-0.0030141895555262366,7.75,0.0
2019-04-11,0.010431244275275198,7.75,0.0
2019-04-12,-0.003964146394912049,7.75,0.0
2019-04-15,0.03587082681037845,7.75,0.0
2019-04-16,-0.0013814293763259045,7.75,0.0
2019-04-17,0.001506211403289548,7.75,0.0
2019-04-18,-0.004586874137261887,7.75,0.0
2019-04-19,-0.025101810712673256,7.75,0.0
2019-04-22,-0.003647300698172984,7.75,0.0
2019-04-23,0.00378055457308335,7.75,0.0
2019-04-24,0.022813839324850704,7.75,0.0
2019-04-25,0.007679356916948876,7.75,0.0
2019-04-26,-0.002540732815990765,7.75,0.0
2019-04-29,0.0011991478912145581,7.75,0.0
2019-04-30,0.005210105496124662,7.75,0.0
2019-05-01,-0.005384490878683756,7.75,0.0
2019-05-02,0.010533555252042248,7.75,0.0
2019-05-03,0.024676322371300685,7.75,0.0
2019-05-06,-0.005147231077432757,7.75,0.0
2019-05-07,0.01841295398775511,7.75,0.0
2019-05-08,0.013444894563469312,7.75,0.0
2019-05-09,0.00835867291580783,7.75,0.0
2019-05-10,0.0019788842783530214,7.75,0.0
2019-05-13,0.005366758064741184,7.75,0.0
2019-05-14,-0.002960897608077495,7.75,0.0
2019-05-15,0.027853027555899246,7.75,0.0
2019-05-16,-0.010476047336331895,7.75,0.0
2019-05-17,0.01732417041428924,7.75,0.0
2019-05-20,0.023545825818984234,7.75,0.0
2019-05-21,-0.004547014992341225,7.75,0.0
2019-05-22,0.01778770438938171,7.75,0.0
2019-05-23,0.002459720193465742,7.75,0.0
2019-05-24,0.0012353968295322204,7.75,0.0
2019-05-27,-0.0008184553925421056,7.75,0.0
2019-05-28,-0.023905966508135812,7.75,0.0
2019-05-29,0.008518859373775278,7.75,0.0
2019-05-30,0.02195327646527634,7.75,0.0
2019-05-31,-0.010270806339368832,7.75,0.0
2019-06-03,0.013010079871185631,7.75,0.0
2019-06-04,-0.0009780808844057631,7.75,0.0
2019-06-05,-0.016090339124661845,7.75,0.0
2019-06-06,0.015268349485796584,7.75,0.0
2019-06-07,0.02559055246944375,7.75,0.0
2019-06-10,-0.011613785383043584,7.75,0.0
2019-06-11,0.0035370254329931683,7.75,0.0
2019-06-12,-0.021296035615190334,7.75,0.0
2019-06-13,-0.0003301097785683993,7.75,0.0
2019-06-14,0.00759099604264879,7.75,0.0
2019-06-17,0.028593644087651526,7.5,-0.25
2019-06-18,0.02366360574189219,7.5,0.0
2019-06-19,0.02493747512344857,7.5,0.0
2019-06-20,-0.007606379128080931,7.5,0.0
2019-06-21,-0.0033774760274853932,7.5,0.0
2019-06-24,-0.024664581373828653,7.5,0.0
2019-06-25,-0.010427332626284702,7.5,0.0
2019-06-26,-0.02147743802767721,7.5,0.0
2019-06-27,0.0057830534495586505,7.5,0.0
2019-06-28,-0.010154850071868005,7.5,0.0
2019-07-01,-0.016221334047225255,7.5,0.0
2019-07-02,-0.0050312165385104635,7.5,0.0
2019-07-03,-0.017473154338941477,7.5,0.0
2019-07-04,0.004935252296815129,7.5,0.0
2019-07-05,0.00456671241035167,7.5,0.0
2019-07-08,-0.004435688850866981,7.5,0.0
2019-07-09,-0.010660132206201212,7.5,0.0
2019-07-10,-0.019791620622682693,7.5,0.0
2019-07-11,0.008630349078719846,7.5,0.0
2019-07-12,0.0037308110990315058,7.5,0.0
2019-07-15,0.007264731961837079,7.5,0.0
2019-07-16,-0.00429653071429037,7.5,0.0
2019-07-17,-0.0029688525837210378,7.5,0.0
2019-07-18,0.021929987231644965,7.5,0.0
2019-07-19,-0.008708772982483737,7.5,0.0
2019-07-22,-0.004389660338371293,7.5,0.0
2019-07-23,0.011458381242976934,7.5,0.0
2019-07-24,0.0048436694483342535,7.5,0.0
2019-07-25,-0.030399333105997073,7.5,0.0
2019-07-26,-0.025018300950475414,7.5,0.0
2019-07-29,-0.007612468999151467,7.25,-0.25
2019-07-30,0.013954494966680997,7.25,0.0
2019-07-31,0.010375096165240016,7.25,0.0
2019-08-01,0.008092850411249408,7.25,0.0
2019-08-02,0.00971616144503784,7.25,0.0
2019-08-05,-0.014234171319338351,7.25,0.0
2019-08-06,0.009315706398759005,7.25,0.0
2019-08-07,-0.013519255450838763,7.25,0.0
2019-08-08,0.01450948802658214,7.25,0.0
2019-08-09,-0.007358477013211129,7.25,0.0
2019-08-12,0.004524391171599973,7.25,0.0
2019-08-13,-0.02781747605578566,7.25,0.0
2019-08-14,-0.019933333683080257,7.25,0.0
2019-08-15,0.016660161568313292,7.25,0.0
2019-08-16,0.010676158052803864,7.25,0.0
2019-08-19,-0.017969051599812325,7.25,0.0
2019-08-20,0.019583875836210574,7.25,0.0
2019-08-21,-0.016061766432271973,7.25,0.0
2019-08-22,0.0005994165585647693,7.25,0.0
2019-08-23,-0.006901509327992272,7.25,0.0
2019-08-26,-0.013551227949316846,7.25,0.0
2019-08-27,0.017819108423078767,7.25,0.0
2019-08-28,0.02557472243436365,7.25,0.0
2019-08-29,0.0029741132564646833,7.25,0.0
2019-08-30,0.02318998375294079,7.25,0.0
2019-09-02,-0.0039182257978414015,7.25,0.0
2019-09-03,0.0019246289757353097,7.25,0.0
2019-09-04,0.002272338845918931,7.25,0.0
2019-09-05,-0.017050633329355414,7.25,0.0
2019-09-06,0.007791853386938108,7.25,0.0
2019-09-09,0.012945397102435585,7.0,-0.25
2019-09-10,-0.002302104519619874,7.0,0.0
2019-09-11,-0.02507626752169312,7.0,0.0
2019-09-12,0.005815582415566567,7.0,0.0
2019-09-13,-0.022425202712254233,7.0,0.0
2019-09-16,-0.0118690475045371,7.0,0.0
2019-09-17,0.002271319386754733,7.0,0.0
2019-09-18,-0.0112449369648564,7.0,0.0
2019-09-19,0.004105149758178328,7.0,0.0
2019-09-20,-0.0030931538234471034,7.0,0.0
2019-09-23,-0.02415744766111594,7.0,0.0
2019-09-24,0.0028195734161773345,7.0,0.0
2019-09-25,0.009098695204298402,7.0,0.0
2019-09-26,0.015486003642178225,7.0,0.0
2019-09-27,-0.005198521121504207,7.0,0.0
2019-09-30,-0.0006222551810282084,7.0,0.0
2019-10-01,-0.022126630040097517,7.0,0.0
2019-10-02,0.02977334108009,7.0,0.0
2019-10-03,0.02287512284024462,7.0,0.0
2019-10-04,-0.0001775102642032067,7.0,0.0
2019-10-07,-0.0015726265896738312,7.0,0.0
2019-10-08,-0.0436533426655199,7.0,0.0
2019-10-09,0.015828938443691598,7.0,0.0
2019-10-10,0.0087429177173588,7.0,0.0
2019-10-11,0.012492178057453174,7.0,0.0
2019-10-14,-0.005778722329491615,7.0,0.0
2019-10-15,-0.0067414323759500405,7.0,0.0
2019-10-16,-0.018231279687305424,7.0,0.0
2019-10-17,0.011970145952775013,7.0,0.0
2019-10-18,0.019082308180477625,7.0,0.0
2019-10-21,0.017158243151444985,7.0,0.0
2019-10-22,0.0031088636401257475,7.0,0.0
2019-10-23,-0.004599775532512673,7.0,0.0
2019-10-24,-0.015479556350491919,7.0,0.0
2019-10-25,-0.010226257794462512,7.0,0.0
2019-10-28,0.011313257104524688,6.5,-0.5
2019-10-29,-0.003968300631012944,6.5,0.0
2019-10-30,0.024921062771032787,6.5,0.0
2019-10-31,0.017585340462365373,6.5,0.0
2019-11-01,-0.008727136981742767,6.5,0.0
2019-11-04,-0.01793493096502452,6.5,0.0
2019-11-05,-0.00792627514156763,6.5,0.0
2019-11-06,0.016280744196547126,6.5,0.0
2019-11-07,-0.007558836121825507,6.5,0.0
2019-11-08,0.00848981977749741,6.5,0.0
2019-11-11,-0.008188201788407845,6.5,0.0
2019-11-12,0.00544746235535154,6.5,0.0
2019-11-13,0.008222129600294892,6.5,0.0
2019-11-14,0.015087498683768352,6.5,0.0
2019-11-15,0.021798601958695762,6.5,0.0
2019-11-18,0.019953434022119687,6.5,0.0
2019-11-19,-0.007652572637591781,6.5,0.0
2019-11-20,-0.0019052810421609223,6.5,0.0
2019-11-21,-0.01730287642812467,6.5,0.0
2019-11-22,-0.0032352793130172586,6.5,0.0
2019-11-25,0.0006647571729692103,6.5,0.0
2019-11-26,-0.00575939902394218,6.5,0.0
2019-11-27,-0.007253768526742199,6.5,0.0
2019-11-28,0.01578120266628691,6.5,0.0
2019-11-29,0.013912244176361277,6.5,0.0
2019-12-02,0.006286830717781022,6.5,0.0
2019-12-03,-0.018862659053445086,6.5,0.0
2019-12-04,0.003313963492503902,6.5,0.0
2019-12-05,-0.005463473564099708,6.5,0.0
2019-12-06,0.02003591191195575,6.5,0.0
2019-12-09,-0.02673436120010031,6.5,0.0
2019-12-10,-0.008082355369494643,6.5,0.0
2019-12-11,-0.008499754623803923,6.5,0.0
2019-12-12,-0.006698610479397793,6.5,0.0
2019-12-13,0.014663681227457204,6.5,0.0
2019-12-16,-0.03298537616765351,6.25,-0.25
2019-12-17,-0.00282078264344765,6.25,0.0
2019-12-18,0.013060810111761967,6.25,0.0
2019-12-19,0.01500176259012509,6.25,0.0
2019-12-20,-0.0079361679081007,6.25,0.0
2019-12-23,-0.009896672240131466,6.25,0.0
2019-12-24,0.005493203602090269,6.25,0.0
2019-12-25,0.002565550353761381,6.25,0.0
2019-12-26,0.001341046725408468,6.25,0.0
2019-12-27,-0.05672067295291505,6.25,0.0
2019-12-30,-0.016607583073546373,6.25,0.0
2019-12-31,-0.012648345942728234,6.25,0.0
2020-01-01,0.009945147929386167,6.25,0.0
2020-01-02,-0.02131139557003614,6.25,0.0
2020-01-03,-0.01539941341290696,6.25,0.0
2020-01-06,-0.0020157600889856297,6.25,0.0
2020-01-07,-0.01901392765169785,6.25,0.0
2020-01-08,0.009942808577713791,6.25,0.0
2020-01-09,-0.005571055197128416,6.25,0.0
2020-01-10,0.027793588984414086,6.25,0.0
2020-01-13,-0.009145780755883237,6.25,0.0
2020-01-14,-0.008344248047498226,6.25,0.0
2020-01-15,0.012366574339039538,6.25,0.0
2020-01-16,-0.00953005389999717,6.25,0.0
2020-01-17,0.022973524806632284,6.25,0.0
2020-01-20,0.007543724134084329,6.25,0.0
2020-01-21,-0.004258199091657033,6.25,0.0
2020-01-22,-0.0021119699561564786,6.25,0.0
2020-01-23,0.04306061605676348,6.25,0.0
2020-01-24,0.0076298153849698735,6.25,0.0
2020-01-27,0.002557155239121478,6.25,0.0
2020-01-28,-0.0016886513277514226,6.25,0.0
2020-01-29,0.01585743049020394,6.25,0.0
2020-01-30,-0.02247489470698838,6.25,0.0
2020-01-31,-0.0024178203445028856,6.25,0.0
2020-02-03,-0.04220486184020178,6.25,0.0
2020-02-04,-0.0077011143886753786,6.25,0.0
2020-02-05,0.013018902193660864,6.25,0.0
2020-02-06,0.021033462582828122,6.25,0.0
2020-02-07,0.009389553572700216,6.25,0.0
2020-02-10,0.01189952887246637,6.0,-0.25
2020-02-11,-0.025438522349319648,6.0,0.0
2020-02-12,-0.009875607170924283,6.0,0.0
2020-02-13,0.02241607523868172,6.0,0.0
2020-02-14,-0.0075579001572618765,6.0,0.0
2020-02-17,-0.0017397360313964327,6.0,0.0
2020-02-18,-0.011783429795364952,6.0,0.0
2020-02-19,-0.013706272282353993,6.0,0.0
2020-02-20,-0.006754038397195572,6.0,0.0
2020-02-21,-0.009615839488906985,6.0,0.0
2020-02-24,0.014662526937252451,6.0,0.0
2020-02-25,0.0035305439683392947,6.0,0.0
2020-02-26,0.015583257396652783,6.0,0.0
2020-02-27,-0.020508562549906628,6.0,0.0
2020-02-28,0.018681797223060848,6.0,0.0
2020-03-02,0.0006218433606735019,6.0,0.0
2020-03-03,0.027890225761889376,6.0,0.0
2020-03-04,-0.0004916420754099704,6.0,0.0
2020-03-05,-0.02210102721994378,6.0,0.0
2020-03-06,0.0195633094181078,6.0,0.0
2020-03-09,-0.0017473235718528102,6.0,0.0
2020-03-10,-0.031981726195003723,6.0,0.0
2020-03-11,0.002477920220545826,6.0,0.0
2020-03-12,0.0037684218878721865,6.0,0.0
2020-03-13,0.016441691149928772,6.0,0.0
2020-03-16,-0.05351240746821695,6.0,0.0
2020-03-17,0.017533042126669507,6.0,0.0
2020-03-18,-0.006818951321129418,6.0,0.0
2020-03-19,0.029193718618812703,6.0,0.0
2020-03-20,-0.02547421501260949,6.0,0.0
2020-03-23,0.008480083528810134,6.0,0.0
2020-03-24,0.006475782461329516,6.0,0.0
2020-03-25,-0.0060317209539091365,6.0,0.0
2020-03-26,-0.011307088576629987,6.0,0.0
2020-03-27,-0.005306175415666026,6.0,0.0
2020-03-30,-0.004900804358436872,6.0,0.0
2020-03-31,-0.018501570096565167,6.0,0.0
2020-04-01,0.015194882550768618,6.0,0.0
2020-04-02,-0.016083005196481537,6.0,0.0
2020-04-03,0.01564786466669954,6.0,0.0
2020-04-06,-0.026534018478763244,6.0,0.0
2020-04-07,-0.002357846702878419,6.0,0.0
2020-04-08,-0.0021345979955365024,6.0,0.0
2020-04-09,6.308442084623778e-05,6.0,0.0
2020-04-10,0.014644438195190013,6.0,0.0
2020-04-13,-0.002735208299366576,6.0,0.0
2020-04-14,-0.006568941154255548,6.0,0.0
2020-04-15,-0.0026899137729108347,6.0,0.0
2020-04-16,0.015015102833546123,6.0,0.0
2020-04-17,-0.017784104222020147,6.0,0.0
2020-04-20,-0.015010027497097234,6.0,0.0
2020-04-21,-0.029050473786349507,6.0,0.0
2020-04-22,0.03070873043829625,6.0,0.0
2020-04-23,-0.017096170924236986,6.0,0.0
2020-04-24,-0.027981474838076004,6.0,0.0
2020-04-27,-0.007833487079681234,5.5,-0.5
2020-04-28,-0.008886828720777729,5.5,0.0
2020-04-29,0.022281840018606225,5.5,0.0
2020-04-30,-0.006673488383629689,5.5,0.0
2020-05-01,0.004676539210640485,5.5,0.0
2020-05-04,-0.02656169707087841,5.5,0.0
2020-05-05,0.0034197523767254268,5.5,0.0
2020-05-06,-0.024431943670788492,5.5,0.0
2020-05-07,-0.0044039257324932635,5.5,0.0
2020-05-08,-0.011098064714744282,5.5,0.0
2020-05-11,0.0011740724574966777,5.5,0.0
2020-05-12,0.009816130592079197,5.5,0.0
2020-05-13,-0.019738439261971052,5.5,0.0
2020-05-14,-0.016746276423337036,5.5,0.0
2020-05-15,0.003203835089169438,5.5,0.0
2020-05-18,0.010609285662036783,5.5,0.0
2020-05-19,0.021560627926421994,5.5,0.0
2020-05-20,-0.006778375955289739,5.5,0.0
2020-05-21,-0.022072180123664076,5.5,0.0
2020-05-22,0.003099385793409404,5.5,0.0
2020-05-25,-0.011619655768319248,5.5,0.0
2020-05-26,-0.013566302963497812,5.5,0.0
2020-05-27,0.021422656115479555,5.5,0.0
2020-05-28,0.00958075215130716,5.5,0.0
2020-05-29,-0.01062116796414525,5.5,0.0
2020-06-01,1.9326969875166355e-05,5.5,0.0
2020-06-02,-0.0009851548218140493,5.5,0.0
2020-06-03,0.0027764342675071774,5.5,0.0
2020-06-04,-0.005789094200368439,5.5,0.0
2020-06-05,-0.0282009379145558,5.5,0.0
2020-06-08,-0.014345252625084015,5.5,0.0
2020-06-09,-0.007679948778822165,5.5,0.0
2020-06-10,0.0007216764939936837,5.5,0.0
2020-06-11,-0.01593441543270213,5.5,0.0
2020-06-12,0.003094274068411451,5.5,0.0
2020-06-15,-0.005419071917761364,5.5,0.0
2020-06-16,-0.011092126528347457,5.5,0.0
2020-06-17,-0.018754141859466777,5.5,0.0
2020-06-18,0.006997371245872408,5.5,0.0
2020-06-19,0.006663650787344544,5.5,0.0
2020-06-22,0.020303313226834874,4.5,-1.0
2020-06-23,0.00853932338445329,4.5,0.0
2020-06-24,0.009662016821917696,4.5,0.0
2020-06-25,0.006031179294901712,4.5,0.0
2020-06-26,-0.02607614517900636,4.5,0.0
2020-06-29,-0.003886783191695109,4.5,0.0
2020-06-30,-0.021185736926353727,4.5,0.0
2020-07-01,0.02083818113239566,4.5,0.0
2020-07-02,8.979412940313125e-05,4.5,0.0
2020-07-03,0.019346337682278225,4.5,0.0
2020-07-06,-0.015154834376759574,4.5,0.0
2020-07-07,-0.0010780382383908105,4.5,0.0
2020-07-08,0.004250613745633736,4.5,0.0
2020-07-09,-0.004663532184052244,4.5,0.0
2020-07-10,0.0031168409962480936,4.5,0.0
2020-07-13,0.022532451850626245,4.5,0.0
2020-07-14,-0.015178701344989776,4.5,0.0
2020-07-15,-0.03926883730932573,4.5,0.0
2020-07-16,0.02430936209000034,4.5,0.0
2020-07-17,-0.011574933549578503,4.5,0.0
2020-07-20,0.017137495443338757,4.5,0.0
2020-07-21,0.010078699504061817,4.5,0.0
2020-07-22,-0.002950301970490621,4.5,0.0
2020-07-23,0.006005171844665647,4.5,0.0
2020-07-24,-0.01680801396545295,4.5,0.0
2020-07-27,0.0035884573158924127,4.25,-0.25
2020-07-28,0.009210603071780454,4.25,0.0
2020-07-29,-0.011314990895048282,4.25,0.0
2020-07-30,-0.0054043664566751914,4.25,0.0
2020-07-31,0.004988902796270622,4.25,0.0
2020-08-03,0.020149105644819088,4.25,0.0
2020-08-04,0.0002526774019084854,4.25,0.0
2020-08-05,-0.006159897669134828,4.25,0.0
2020-08-06,-0.0018962366180170775,4.25,0.0
2020-08-07,0.01770263920508075,4.25,0.0
2020-08-10,-0.009322685037471246,4.25,0.0
2020-08-11,-0.00420348595658826,4.25,0.0
2020-08-12,-0.009183911673522616,4.25,0.0
2020-08-13,-0.002764748021658825,4.25,0.0
2020-08-14,0.0035054340350662017,4.25,0.0
2020-08-17,0.01580817302281723,4.25,0.0
2020-08-18,-0.03156862927115878,4.25,0.0
2020-08-19,0.008632333736430908,4.25,0.0
2020-08-20,-0.013073848236002661,4.25,0.0
2020-08-21,0.009196050076955231,4.25,0.0
2020-08-24,0.018894524839518034,4.25,0.0
2020-08-25,0.015233925179996888,4.25,0.0
2020-08-26,0.002669381702384399,4.25,0.0
2020-08-27,0.012817484009385538,4.25,0.0
2020-08-28,-0.013850759045860528,4.25,0.0
2020-08-31,-0.0007174512869703165,4.25,0.0
2020-09-01,0.023092066450214332,4.25,0.0
2020-09-02,-0.011538832946645705,4.25,0.0
2020-09-03,0.0032590374755914198,4.25,0.0
2020-09-04,-0.005237630584167263,4.25,0.0
2020-09-07,-0.0026266270531882796,4.25,0.0
2020-09-08,0.006391067927197902,4.25,0.0
2020-09-09,-0.0037427835782013474,4.25,0.0
2020-09-10,0.00024886280192770727,4.25,0.0
2020-09-11,-0.007268749044186507,4.25,0.0
2020-09-14,-0.027075424877564203,4.25,0.0
2020-09-15,0.0031964119234313415,4.25,0.0
2020-09-16,0.006892050549768491,4.25,0.0
2020-09-17,0.02103260196306067,4.25,0.0
2020-09-18,-0.0016779819470551516,4.25,0.0
2020-09-21,-0.020620627971140948,4.25,0.0
2020-09-22,-0.011010122911098819,4.25,0.0
2020-09-23,0.008405885180089001,4.25,0.0
2020-09-24,-0.0009679426594964013,4.25,0.0
2020-09-25,0.004489363262381474,4.25,0.0
2020-09-28,-0.004996202077315104,4.25,0.0
2020-09-29,0.02834713371121733,4.25,0.0
2020-09-30,0.02621982016922164,4.25,0.0
2020-10-01,-0.013673934381799313,4.25,0.0
2020-10-02,0.013935464896663419,4.25,0.0
2020-10-05,0.004860935847221803,4.25,0.0
2020-10-06,0.0005033928793451992,4.25,0.0
2020-10-07,-0.012595319840163377,4.25,0.0
2020-10-08,0.024622959501715336,4.25,0.0
2020-10-09,0.01777887511748588,4.25,0.0
2020-10-12,-0.021556500789286837,4.25,0.0
2020-10-13,0.02105236962388979,4.25,0.0
2020-10-14,-0.00027567405528650113,4.25,0.0
2020-10-15,-0.008666858610641981,4.25,0.0
2020-10-16,-0.014348666468666949,4.25,0.0
2020-10-19,0.014472304677910941,4.25,0.0
2020-10-20,0.006298432821532529,4.25,0.0
2020-10-21,-0.012812194804025623,4.25,0.0
2020-10-22,-0.01186646682496395,4.25,0.0
2020-10-23,-0.005512846554204032,4.25,0.0
2020-10-26,-0.007387590684605705,4.25,0.0
2020-10-27,0.00821670468228941,4.25,0.0
2020-10-28,0.005981054896256666,4.25,0.0
2020-10-29,-0.009234748542906956,4.25,0.0
2020-10-30,-0.024562641371623783,4.25,0.0
2020-11-02,-0.01970998900274612,4.25,0.0
2020-11-03,0.013350832632456289,4.25,0.0
2020-11-04,-0.014622157103114652,4.25,0.0
2020-11-05,0.001967027983059033,4.25,0.0
2020-11-06,-0.026147363007031466,4.25,0.0
2020-11-09,0.006255897534945376,4.25,0.0
2020-11-10,0.029092896083565023,4.25,0.0
2020-11-11,-0.01962100846503123,4.25,0.0
2020-11-12,0.008545459036721326,4.25,0.0
2020-11-13,0.004386928996718886,4.25,0.0
2020-11-16,0.014068259192312027,4.25,0.0
2020-11-17,-0.0016686047900345002,4.25,0.0
2020-11-18,0.004392374130978816,4.25,0.0
2020-11-19,0.003029611922241493,4.25,0.0
2020-11-20,0.00889264228456188,4.25,0.0
2020-11-23,-0.012286690575354697,4.25,0.0
2020-11-24,0.003186731420766975,4.25,0.0
2020-11-25,0.012454883962267793,4.25,0.0
2020-11-26,0.01781985887136983,4.25,0.0
2020-11-27,0.0077359337328548605,4.25,0.0
2020-11-30,-0.016679348009419392,4.25,0.0
2020-12-01,-0.02300367263280112,4.25,0.0
2020-12-02,0.006429383412609013,4.25,0.0
2020-12-03,-0.014874656297592992,4.25,0.0
2020-12-04,0.012965019091288,4.25,0.0
2020-12-07,-0.004016765453417115,4.25,0.0
2020-12-08,0.015474239150894853,4.25,0.0
2020-12-09,0.032187249369131976,4.25,0.0
2020-12-10,-0.0006348401278728488,4.25,0.0
2020-12-11,-0.001440005797034516,4.25,0.0
2020-12-14,0.015502394238041006,4.25,0.0
2020-12-15,0.01625857541684539,4.25,0.0
2020-12-16,0.025824122521691528,4.25,0.0
2020-12-17,0.0032485442897423056,4.25,0.0
2020-12-18,-0.009193004375134706,4.25,0.0
2020-12-21,0.0004157048588124823,4.25,0.0
2020-12-22,-0.009054437896796053,4.25,0.0
2020-12-23,0.003897145551430725,4.25,0.0
2020-12-24,-0.012723595318004932,4.25,0.0
2020-12-25,0.013830096844774431,4.25,0.0
2020-12-28,0.010762352318819168,4.25,0.0
2020-12-29,0.002385499558765325,4.25,0.0
2020-12-30,0.0006836482013383716,4.25,0.0
2020-12-31,-0.002646643772716395,4.25,0.0
2021-01-01,0.019983828052824393,4.25,0.0
2021-01-04,0.018111262240344317,4.25,0.0
2021-01-05,0.0024857528186661426,4.25,0.0
2021-01-06,-0.012549748156589935,4.25,0.0
2021-01-07,-0.017352724787843776,4.25,0.0
2021-01-08,0.004614310695566282,4.25,0.0
2021-01-11,-0.009270929061246491,4.25,0.0
2021-01-12,0.007439008085642129,4.25,0.0
2021-01-13,-0.0055004330605461504,4.25,0.0
2021-01-14,0.011906315388579003,4.25,0.0
2021-01-15,0.0034112286671827974,4.25,0.0
2021-01-18,0.015270795929276382,4.25,0.0
2021-01-19,-0.0332085787844143,4.25,0.0
2021-01-20,-0.0031057536873726477,4.25,0.0
2021-01-21,0.03355182199900231,4.25,0.0
2021-01-22,-0.03724741517605423,4.25,0.0
2021-01-25,0.012939783259277249,4.25,0.0
2021-01-26,0.0065700561115340506,4.25,0.0
2021-01-27,0.019585515815238708,4.25,0.0
2021-01-28,-0.0023038769328840303,4.25,0.0
2021-01-29,0.01815531658579328,4.25,0.0
2021-02-01,0.018553587062081434,4.25,0.0
2021-02-02,0.0032517013905213332,4.25,0.0
2021-02-03,-0.017160178175542384,4.25,0.0
2021-02-04,0.013995068011228184,4.25,0.0
2021-02-05,-0.014301554929277316,4.25,0.0
2021-02-08,-0.001760648558466471,4.25,0.0
2021-02-09,0.014503623662438514,4.25,0.0
2021-02-10,0.016681015597360016,4.25,0.0
2021-02-11,-0.004919384598074394,4.25,0.0
2021-02-12,0.009704744045606617,4.25,0.0
2021-02-15,-0.02283804920828203,4.25,0.0
2021-02-16,-0.006785713519041003,4.25,0.0
2021-02-17,0.022333783438856614,4.25,0.0
2021-02-18,0.020450820717691442,4.25,0.0
2021-02-19,0.010338207546237044,4.25,0.0
2021-02-22,-0.0018275172871282663,4.25,0.0
2021-02-23,0.013008904749693073,4.25,0.0
2021-02-24,-4.8422880567500215e-05,4.25,0.0
2021-02-25,0.002823429112401854,4.25,0.0
2021-02-26,0.0016257436260911362,4.25,0.0
2021-03-01,-0.01133280459092667,4.25,0.0
2021-03-02,0.011188872169790365,4.25,0.0
2021-03-03,-0.015749208908626855,4.25,0.0
2021-03-04,0.011937672812846856,4.25,0.0
2021-03-05,-0.0141090370585788,4.25,0.0
2021-03-08,-0.010531135738462538,4.25,0.0
2021-03-09,-0.04231271033704953,4.25,0.0
2021-03-10,-0.0020412517761254634,4.25,0.0
2021-03-11,0.003137834623941238,4.25,0.0
2021-03-12,0.012706087620801831,4.25,0.0
2021-03-15,0.01996314014547984,4.25,0.0
2021-03-16,-0.022053201417441493,4.25,0.0
2021-03-17,0.015072412306198935,4.25,0.0
2021-03-18,-0.00666051380400301,4.25,0.0
2021-03-19,-0.0007809014731146036,4.25,0.0
2021-03-22,-0.0032790253335859276,4.5,0.25
2021-03-23,-0.006442720062295848,4.5,0.0
2021-03-24,-0.013048665853243158,4.5,0.0
2021-03-25,0.004488250728209131,4.5,0.0
2021-03-26,0.012467175669842234,4.5,0.0
2021-03-29,-0.01859657569139994,4.5,0.0
2021-03-30,8.118654400313119e-06,4.5,0.0
2021-03-31,-0.009135183820299986,4.5,0.0
2021-04-01,0.016738826667277884,4.5,0.0
2021-04-02,0.007703693204170747,4.5,0.0
2021-04-05,0.022930576716380102,4.5,0.0
2021-04-06,-0.022931475021737313,4.5,0.0
2021-04-07,0.015812949005417742,4.5,0.0
2021-04-08,0.0027399811573287636,4.5,0.0
2021-04-09,-0.010577601746929233,4.5,0.0
2021-04-12,0.007638052403381224,4.5,0.0
2021-04-13,0.02379049909241271,4.5,0.0
2021-04-14,0.02436921187009311,4.5,0.0
2021-04-15,0.012633273063848982,4.5,0.0
2021-04-16,-0.014574070287312502,4.5,0.0
2021-04-19,0.00494795180133778,4.5,0.0
2021-04-20,0.005436338641199967,4.5,0.0
2021-04-21,0.018930249339653926,4.5,0.0
2021-04-22,-0.002173127685297871,4.5,0.0
2021-04-23,0.000533576745238129,4.5,0.0
2021-04-26,-0.013502630393966264,5.0,0.5
2021-04-27,0.010321309809556034,5.0,0.0
2021-04-28,-0.002931157337307866,5.0,0.0
2021-04-29,0.0030896788313334866,5.0,0.0
2021-04-30,-0.006743250193258277,5.0,0.0
2021-05-03,0.0010085942059863129,5.0,0.0
2021-05-04,-0.015906195074655294,5.0,0.0
2021-05-05,0.0027133375023824513,5.0,0.0
2021-05-06,-0.008738628363414769,5.0,0.0
2021-05-07,0.01078992831642367,5.0,0.0
2021-05-10,0.028011801277567194,5.0,0.0
2021-05-11,0.012985518631822401,5.0,0.0
2021-05-12,-0.0164988377075046,5.0,0.0
2021-05-13,-0.005089450738476664,5.0,0.0
2021-05-14,-0.023845426261762448,5.0,0.0
2021-05-17,0.0005035509283795037,5.0,0.0
2021-05-18,-0.02631335324080908,5.0,0.0
2021-05-19,-0.017720659585566345,5.0,0.0
2021-05-20,0.01674385185508509,5.0,0.0
2021-05-21,0.013215552816694398,5.0,0.0
2021-05-24,-0.02250550685949726,5.0,0.0
2021-05-25,-0.0064116024576765795,5.0,0.0
2021-05-26,0.007252308823866294,5.0,0.0
2021-05-27,0.006187398870160621,5.0,0.0
2021-05-28,-0.024107507958126106,5.0,0.0
2021-05-31,0.004200145232458041,5.0,0.0
2021-06-01,-0.008817789462368886,5.0,0.0
2021-06-02,0.01828001857418826,5.0,0.0
2021-06-03,-0.0027026965897647415,5.0,0.0
2021-06-04,0.0056893120563339394,5.0,0.0
2021-06-07,-0.0013368091122165637,5.0,0.0
2021-06-08,0.0102966669047726,5.0,0.0
2021-06-09,-0.011221041315145897,5.0,0.0
2021-06-10,0.010323799420184798,5.0,0.0
2021-06-11,0.018434442300110376,5.0,0.0
2021-06-14,0.027833409718601487,5.0,0.0
2021-06-15,0.02005684416435738,5.5,0.5
2021-06-16,-0.007741827505257426,5.5,0.0
2021-06-17,0.008957245852029061,5.5,0.0
2021-06-18,0.012412458564774909,5.5,0.0
2021-06-21,0.009150672830240403,5.5,0.0
2021-06-22,0.011602177010818338,5.5,0.0
2021-06-23,0.006659154203894069,5.5,0.0
2021-06-24,-0.007878831116518548,5.5,0.0
2021-06-25,0.003406658301456922,5.5,0.0
2021-06-28,0.013001800519497841,5.5,0.0
2021-06-29,0.007224080898462049,5.5,0.0
2021-06-30,-0.0161453025776499,5.5,0.0
2021-07-01,-0.0128642741512488,5.5,0.0
2021-07-02,-0.005838624251130575,5.5,0.0
2021-07-05,-0.002772202523165568,5.5,0.0
2021-07-06,0.0026590984260579376,5.5,0.0
2021-07-07,-0.014356417549563183,5.5,0.0
2021-07-08,0.012224337511594463,5.5,0.0
2021-07-09,-0.027563464864050147,5.5,0.0
2021-07-12,0.00823052529405821,5.5,0.0
2021-07-13,0.007898001414300637,5.5,0.0
2021-07-14,0.009961479811998686,5.5,0.0
2021-07-15,-0.04570481449386943,5.5,0.0
2021-07-16,-0.019939132266242332,5.5,0.0
2021-07-19,-0.004990440261105178,5.5,0.0
2021-07-20,0.002824230567072483,5.5,0.0
2021-07-21,-0.0009208710312789137,5.5,0.0
2021-07-22,-0.011906198999559692,5.5,0.0
2021-07-23,0.019545659801543103,5.5,0.0
2021-07-26,-0.0028395575061583855,6.5,1.0
2021-07-27,-0.005621323782348142,6.5,0.0
2021-07-28,-0.014513572955084264,6.5,0.0
2021-07-29,0.0013231993487590188,6.5,0.0
2021-07-30,0.019180506611520265,6.5,0.0
2021-08-02,0.0008276974113590185,6.5,0.0
2021-08-03,-0.00018071149757137306,6.5,0.0
2021-08-04,0.0012942359196728148,6.5,0.0
2021-08-05,0.002109238015289172,6.5,0.0
2021-08-06,-0.0031977986195173003,6.5,0.0
2021-08-09,-0.014292825079022187,6.5,0.0
2021-08-10,0.02323521463675693,6.5,0.0
2021-08-11,0.009862389033895802,6.5,0.0
2021-08-12,0.03205700094748565,6.5,0.0
2021-08-13,0.007763339129512659,6.5,0.0
2021-08-16,-0.0031693791525517767,6.5,0.0
2021-08-17,-0.013887550212453803,6.5,0.0
2021-08-18,-0.004649936582615588,6.5,0.0
2021-08-19,-0.0169941442762358,6.5,0.0
2021-08-20,0.03176761014151808,6.5,0.0
2021-08-23,4.4524357535991044e-05,6.5,0.0
2021-08-24,0.012090849121491942,6.5,0.0
2021-08-25,0.014729529837258504,6.5,0.0
2021-08-26,0.01651372698696374,6.5,0.0
2021-08-27,0.03851804675453696,6.5,0.0
2021-08-30,-0.0011311784480456666,6.5,0.0
2021-08-31,-0.0024279309629511303,6.5,0.0
2021-09-01,0.002767204379651389,6.5,0.0
2021-09-02,0.011528122931402152,6.5,0.0
2021-09-03,0.00298315663975135,6.5,0.0
2021-09-06,-0.0037327690102211264,6.5,0.0
2021-09-07,-0.01043906093152458,6.5,0.0
2021-09-08,-0.011315242258857161,6.5,0.0
2021-09-09,0.0043420902504065495,6.5,0.0
2021-09-10,-0.014683173749026501,6.5,0.0
2021-09-13,-0.02891048897847348,6.75,0.25
2021-09-14,0.0020285929462993124,6.75,0.0
2021-09-15,0.01773944876455147,6.75,0.0
2021-09-16,0.01022716425952197,6.75,0.0
2021-09-17,3.168239126960515e-05,6.75,0.0
2021-09-20,0.006345027485792798,6.75,0.0
2021-09-21,-0.024406735544417302,6.75,0.0
2021-09-22,-0.010044602466861008,6.75,0.0
2021-09-23,0.025471030639376835,6.75,0.0
2021-09-24,0.018061781213940087,6.75,0.0
2021-09-27,-0.010373590065546168,6.75,0.0
2021-09-28,0.026614683876212908,6.75,0.0
2021-09-29,-0.01046836337720336,6.75,0.0
2021-09-30,-0.0120478805770734,6.75,0.0
2021-10-01,0.023338763522510853,6.75,0.0
2021-10-04,0.019916100800696057,6.75,0.0
2021-10-05,-0.00852839253904758,6.75,0.0
2021-10-06,-0.0004363323687597287,6.75,0.0
2021-10-07,-0.004825499722375781,6.75,0.0
2021-10-08,0.007862078326567712,6.75,0.0
2021-10-11,0.023810878777007716,6.75,0.0
2021-10-12,0.008282318135444555,6.75,0.0
2021-10-13,-0.0014085661738345578,6.75,0.0
2021-10-14,-0.019894500138656568,6.75,0.0
2021-10-15,0.011969446978775444,6.75,0.0
2021-10-18,-0.01804420723423661,6.75,0.0
2021-10-19,-0.002506996027434205,6.75,0.0
2021-10-20,0.014673534657483778,6.75,0.0
2021-10-21,0.012468381902225545,6.75,0.0
2021-10-22,0.012880699129871331,6.75,0.0
2021-10-25,0.004783818527736017,7.5,0.75
2021-10-26,0.0024878919207553807,7.5,0.0
2021-10-27,0.004832319366327553,7.5,0.0
2021-10-28,0.00168105397080609,7.5,0.0
2021-10-29,0.007538661483337705,7.5,0.0
2021-11-01,0.008328546615072874,7.5,0.0
2021-11-02,0.00229992738292939,7.5,0.0
2021-11-03,0.008007211836961403,7.5,0.0
2021-11-04,-0.009972315425392786,7.5,0.0
2021-11-05,-0.004304350166233206,7.5,0.0
2021-11-08,0.003757478415354676,7.5,0.0
2021-11-09,0.029152694738513674,7.5,0.0
2021-11-10,0.008234862661944398,7.5,0.0
2021-11-11,-0.0017210392009525677,7.5,0.0
2021-11-12,-0.0030033579270192234,7.5,0.0
2021-11-15,0.011462482631204196,7.5,0.0
2021-11-16,-0.0011589197901376025,7.5,0.0
2021-11-17,0.00986071478318351,7.5,0.0
2021-11-18,0.007974060841398511,7.5,0.0
2021-11-19,-0.018391169508000793,7.5,0.0
2021-11-22,0.007391775340825468,7.5,0.0
2021-11-23,0.007284357210161296,7.5,0.0
2021-11-24,0.012250018021581432,7.5,0.0
2021-11-25,-0.012256250817478609,7.5,0.0
2021-11-26,0.016711651501979397,7.5,0.0
2021-11-29,-0.0022019623693534385,7.5,0.0
2021-11-30,0.03012411500052181,7.5,0.0
2021-12-01,0.026586494318371123,7.5,0.0
2021-12-02,-0.008820902875678271,7.5,0.0
2021-12-03,-0.020238278923454978,7.5,0.0
2021-12-06,0.010758636668637855,7.5,0.0
2021-12-07,-0.011999535504119585,7.5,0.0
2021-12-08,0.01751261284616845,7.5,0.0
2021-12-09,0.008247928164106355,7.5,0.0
2021-12-10,-0.021504134867213587,7.5,0.0
2021-12-13,0.012030963662902572,7.5,0.0
2021-12-14,0.002358763778411266,7.5,0.0
2021-12-15,0.006481674358911782,7.5,0.0
2021-12-16,0.02316069899698192,7.5,0.0
2021-12-17,-0.0016488324309316127,7.5,0.0
2021-12-20,0.0036703259707469016,8.5,1.0
2021-12-21,-0.008675830055132394,8.5,0.0
2021-12-22,-0.00830707392420127,8.5,0.0
2021-12-23,-0.002972212705096844,8.5,0.0
2021-12-24,-0.009005721036226433,8.5,0.0
2021-12-27,0.008817922475077289,8.5,0.0
2021-12-28,-0.01955154398701886,8.5,0.0
2021-12-29,0.012743207164783499,8.5,0.0
2021-12-30,-0.0111229288093746,8.5,0.0
2021-12-31,0.0059655684572437195,8.5,0.0
2022-01-03,-0.017511498922082147,8.5,0.0
2022-01-04,0.007465985606375902,8.5,0.0
2022-01-05,0.016560112439154118,8.5,0.0
2022-01-06,0.0004465675941300873,8.5,0.0
2022-01-07,0.023530233581668725,8.5,0.0
2022-01-10,-0.0017986102791249792,8.5,0.0
2022-01-11,0.0064705162781981684,8.5,0.0
2022-01-12,-0.013582004596464081,8.5,0.0
2022-01-13,0.006876463542366373,8.5,0.0
2022-01-14,-0.008222089390676146,8.5,0.0
2022-01-17,-0.01050586970384515,8.5,0.0
2022-01-18,0.024001554118814106,8.5,0.0
2022-01-19,-0.018753312827607616,8.5,0.0
2022-01-20,-0.001421526857678046,8.5,0.0
2022-01-21,0.010991853961180631,8.5,0.0
2022-01-24,0.0038110635932433468,8.5,0.0
2022-01-25,-0.02740990489360673,8.5,0.0
2022-01-26,0.009358639045092154,8.5,0.0
2022-01-27,-0.020384984376109472,8.5,0.0
2022-01-28,-0.006348779229684354,8.5,0.0
2022-01-31,-0.003363639788014794,8.5,0.0
2022-02-01,-0.04350043980471785,8.5,0.0
2022-02-02,-0.0012885084725446916,8.5,0.0
2022-02-03,0.010288160957419024,8.5,0.0
2022-02-04,-0.0022512663905063235,8.5,0.0
2022-02-07,0.003073947201008842,8.5,0.0
2022-02-08,0.03422680280678758,8.5,0.0
2022-02-09,0.017181603495275866,8.5,0.0
2022-02-10,0.001190787265677784,8.5,0.0
2022-02-11,0.039105132428445266,8.5,0.0
2022-02-14,-0.01724556536598687,9.5,1.0
2022-02-15,0.008095156620911759,9.5,0.0
2022-02-16,-0.023349358543604204,9.5,0.0
2022-02-17,0.0062749200753629,9.5,0.0
2022-02-18,-0.0013711546411840914,9.5,0.0
2022-02-21,0.001211899002281136,9.5,0.0
2022-02-22,0.005857220924679218,9.5,0.0
2022-02-23,0.004500058724884681,9.5,0.0
2022-02-24,-0.015789408632245205,9.5,0.0
2022-02-25,-0.005450177048909488,9.5,0.0
2022-02-28,-0.08360908929027566,20.0,10.5
2022-03-01,-0.02113763416552583,20.0,0.0
2022-03-02,0.012338541757548782,20.0,0.0
2022-03-03,0.028543234646251747,20.0,0.0
2022-03-04,0.004853153018661516,20.0,0.0
2022-03-07,-0.007615697476801131,20.0,0.0
2022-03-08,-0.0342288669167754,20.0,0.0
2022-03-09,-0.02251362384467903,20.0,0.0
2022-03-10,0.005388432960231171,20.0,0.0
2022-03-11,0.019236548051963176,20.0,0.0
2022-03-14,-0.0030012655354090256,20.0,0.0
2022-03-15,-0.02200861901609308,20.0,0.0
2022-03-16,-0.012765378661846682,20.0,0.0
2022-03-17,-0.00828343121365549,20.0,0.0
2022-03-18,-0.028688210454738794,20.0,0.0
2022-03-21,-0.004358493532200747,20.0,0.0
2022-03-22,0.0136858013753125,20.0,0.0
2022-03-23,-0.02492672873575419,20.0,0.0
2022-03-24,-0.008094600792010631,20.0,0.0
2022-03-25,-0.030064564131963678,20.0,0.0
2022-03-28,-0.011987240149294642,20.0,0.0
2022-03-29,-0.0019206604354691237,20.0,0.0
2022-03-30,0.015618093187642401,20.0,0.0
2022-03-31,0.007135629503729035,20.0,0.0
2022-04-01,-0.0174517155211813,20.0,0.0
2022-04-04,0.0017097196428021988,20.0,0.0
2022-04-05,-0.004709001170042804,20.0,0.0
2022-04-06,0.00010694807928235406,20.0,0.0
2022-04-07,-0.0026924224147455433,20.0,0.0
2022-04-08,0.005000581016236794,20.0,0.0
2022-04-11,0.02701668954931158,17.0,-3.0
2022-04-12,0.013296502226858742,17.0,0.0
2022-04-13,0.0020488783000471855,17.0,0.0
2022-04-14,0.025648960659009568,17.0,0.0
2022-04-15,0.008088392758250684,17.0,0.0
2022-04-18,0.022474655019109946,17.0,0.0
2022-04-19,0.011103750346451058,17.0,0.0
2022-04-20,-0.009791786042429251,17.0,0.0
2022-04-21,0.018943768456237464,17.0,0.0
2022-04-22,0.018062656925216913,17.0,0.0
2022-04-25,-0.04278087913898343,17.0,0.0
2022-04-26,-0.007926680177574141,17.0,0.0
2022-04-27,0.02194138660486189,17.0,0.0
2022-04-28,0.016115820587631724,17.0,0.0
2022-04-29,-0.02160626263678278,17.0,0.0
2022-05-02,0.01318142722857818,17.0,0.0
2022-05-03,0.026208523518743476,17.0,0.0
2022-05-04,0.033400476345581964,14.0,-3.0
2022-05-05,-0.02183784263421895,14.0,0.0
2022-05-06,-0.011457230012163144,14.0,0.0
2022-05-09,0.006307565624620537,14.0,0.0
2022-05-10,-0.0029330244479268686,14.0,0.0
2022-05-11,0.019464940143091525,14.0,0.0
2022-05-12,0.011268731034745905,14.0,0.0
2022-05-13,0.02974766514810856,14.0,0.0
2022-05-16,0.015609253680969104,14.0,0.0
2022-05-17,0.008588060209504533,14.0,0.0
2022-05-18,-0.0044150147824941754,14.0,0.0
2022-05-19,0.02136692644436966,14.0,0.0
2022-05-20,0.00038247515458422754,14.0,0.0
2022-05-23,-0.015088501024592915,14.0,0.0
2022-05-24,0.0010225623524648952,14.0,0.0
2022-05-25,-0.0010778336749623918,14.0,0.0
2022-05-26,-0.014603102845621052,14.0,0.0
2022-05-27,0.012717577192179697,14.0,0.0
2022-05-30,-0.001806423461306217,14.0,0.0
2022-05-31,0.006233829342130903,14.0,0.0
2022-06-01,-0.011413629093496525,14.0,0.0
2022-06-02,-0.0021700679278593427,14.0,0.0
2022-06-03,0.011914892435815005,14.0,0.0
2022-06-06,-0.00340242452969175,14.0,0.0
2022-06-07,-0.005180123548539584,14.0,0.0
2022-06-08,0.03306470553663754,14.0,0.0
2022-06-09,0.0050429238835230095,14.0,0.0
2022-06-10,0.011299597918283055,14.0,0.0
2022-06-13,0.011493568980808888,14.0,0.0
2022-06-14,0.03775445454998838,9.5,-4.5
2022-06-15,0.008214369410259437,9.5,0.0
2022-06-16,-0.014295177022728645,9.5,0.0
2022-06-17,0.022023128278422455,9.5,0.0
2022-06-20,0.01900424641766385,9.5,0.0
2022-06-21,0.003153218533075375,9.5,0.0
2022-06-22,0.0003953381352559404,9.5,0.0
2022-06-23,-0.018294346056698885,9.5,0.0
2022-06-24,0.015739664575344037,9.5,0.0
2022-06-27,-0.0035255520380452765,9.5,0.0
2022-06-28,0.009446503624391589,9.5,0.0
2022-06-29,-0.021310109910486652,9.5,0.0
2022-06-30,0.009771819245436575,9.5,0.0
2022-07-01,-0.0023287658195272343,9.5,0.0
2022-07-04,0.0004786180782705429,9.5,0.0
2022-07-05,-0.020967176490289674,9.5,0.0
2022-07-06,0.010485964452799479,9.5,0.0
2022-07-07,-0.008887880281757354,9.5,0.0
2022-07-08,-0.0004051688173003498,9.5,0.0
2022-07-11,0.01236271502116093,9.5,0.0
2022-07-12,-0.0009850328092833038,9.5,0.0
2022-07-13,0.030093644433496713,9.5,0.0
2022-07-14,-0.01318204597846151,9.5,0.0
2022-07-15,0.003907286222304407,9.5,0.0
2022-07-18,0.006499847452190011,9.5,0.0
2022-07-19,-0.014984591704752859,9.5,0.0
2022-07-20,0.0016111351142580332,9.5,0.0
2022-07-21,-0.002623226356314845,9.5,0.0
2022-07-22,0.003687216389191228,9.5,0.0
2022-07-25,0.01910471969130967,8.0,-1.5
2022-07-26,0.021273762479407488,8.0,0.0
2022-07-27,0.004622607438471427,8.0,0.0
2022-07-28,0.008506036971346553,8.0,0.0
2022-07-29,0.02278973950353791,8.0,0.0
2022-08-01,-0.023463956052866664,8.0,0.0
2022-08-02,-0.003617952313031303,8.0,0.0
2022-08-03,0.0008725779531220113,8.0,0.0
2022-08-04,-0.02303340510926688,8.0,0.0
2022-08-05,0.0014502070572284254,8.0,0.0
2022-08-08,-0.035037088691010965,8.0,0.0
2022-08-09,0.010883065869761843,8.0,0.0
2022-08-10,-0.021874281536387485,8.0,0.0
2022-08-11,-0.018467774102652434,8.0,0.0
2022-08-12,0.008165165298390065,8.0,0.0
2022-08-15,-0.024713600213710052,8.0,0.0
2022-08-16,0.031106704118457174,8.0,0.0
2022-08-17,0.0020490414856881856,8.0,0.0
2022-08-18,-0.0011563962185823229,8.0,0.0
2022-08-19,0.01834789278094906,8.0,0.0
2022-08-22,-0.0008956325863236358,8.0,0.0
2022-08-23,0.003909467862460048,8.0,0.0
2022-08-24,-0.0020385027108575926,8.0,0.0
2022-08-25,-0.007227256544334537,8.0,0.0
2022-08-26,0.0058678125763425015,8.0,0.0
2022-08-29,0.00817542081190581,8.0,0.0
2022-08-30,-0.018797073679134968,8.0,0.0
2022-08-31,-0.012917594622393835,8.0,0.0
2022-09-01,-0.00959122578744065,8.0,0.0
2022-09-02,-0.00014382322642614298,8.0,0.0
2022-09-05,0.0054849092622335505,8.0,0.0
2022-09-06,0.032641284672680015,8.0,0.0
2022-09-07,0.004425602268480766,8.0,0.0
2022-09-08,-0.002315155221003451,8.0,0.0
2022-09-09,-0.010423211619162487,8.0,0.0
2022-09-12,0.015079238485637525,8.0,0.0
2022-09-13,0.0001214629316450555,8.0,0.0
2022-09-14,0.005426318522280482,8.0,0.0
2022-09-15,0.0002898125308874455,8.0,0.0
2022-09-16,0.00855866013822748,8.0,0.0
2022-09-19,0.01148050008537993,7.5,-0.5
2022-09-20,0.005907640576094941,7.5,0.0
2022-09-21,0.00035749629438797115,7.5,0.0
2022-09-22,0.0017014318822052843,7.5,0.0
2022-09-23,0.0060347933848898805,7.5,0.0
2022-09-26,-0.0285629427738332,7.5,0.0
2022-09-27,-0.0002110894322813195,7.5,0.0
2022-09-28,0.015011842095959516,7.5,0.0
2022-09-29,-0.006904717670115801,7.5,0.0
2022-09-30,-0.031051784981295683,7.5,0.0
2022-10-03,-0.020475525845859543,7.5,0.0
2022-10-04,0.0014279630548719169,7.5,0.0
2022-10-05,-0.01051139352330388,7.5,0.0
2022-10-06,0.0023088741657906198,7.5,0.0
2022-10-07,2.306748821645499e-05,7.5,0.0
2022-10-10,-0.006737311513479227,7.5,0.0
2022-10-11,-0.013424967334351834,7.5,0.0
2022-10-12,0.0032323043217239444,7.5,0.0
2022-10-13,0.0013339754315211394,7.5,0.0
2022-10-14,-0.0015583424544391988,7.5,0.0
2022-10-17,0.013386216555854702,7.5,0.0
2022-10-18,0.003320016573372442,7.5,0.0
2022-10-19,-0.008640473039591257,7.5,0.0
2022-10-20,-0.00507890925110388,7.5,0.0
2022-10-21,-0.0006289642286878561,7.5,0.0
2022-10-24,0.0021478615976002757,7.5,0.0
2022-10-25,0.020346227561338637,7.5,0.0
2022-10-26,0.025621158613374995,7.5,0.0
2022-10-27,-0.006734179680882413,7.5,0.0
2022-10-28,-0.014991106978088808,7.5,0.0
2022-10-31,-0.007843222697412777,7.5,0.0
2022-11-01,0.006601893940767489,7.5,0.0
2022-11-02,0.012791795222837798,7.5,0.0
2022-11-03,-0.005821722853395883,7.5,0.0
2022-11-04,-0.013412648720774634,7.5,0.0
2022-11-07,0.00603541754748349,7.5,0.0
2022-11-08,0.009653893834029148,7.5,0.0
2022-11-09,0.01581965557719922,7.5,0.0
2022-11-10,-0.009265758151702386,7.5,0.0
2022-11-11,0.005232937128251791,7.5,0.0
2022-11-14,-0.024175493556848338,7.5,0.0
2022-11-15,-0.0012854558722912302,7.5,0.0
2022-11-16,0.011077717595953551,7.5,0.0
2022-11-17,0.022555810374984553,7.5,0.0
2022-11-18,0.004832444308079609,7.5,0.0
2022-11-21,-0.0033262521398684797,7.5,0.0
2022-11-22,-0.020789414010593532,7.5,0.0
2022-11-23,0.0037255665039683805,7.5,0.0
2022-11-24,0.009776383785970566,7.5,0.0
2022-11-25,0.015504986400105558,7.5,0.0
2022-11-28,0.003948175659822084,7.5,0.0
2022-11-29,-0.014032070502617344,7.5,0.0
2022-11-30,0.008602557617871653,7.5,0.0
2022-12-01,0.02564819294034848,7.5,0.0
2022-12-02,-0.0036359786103101754,7.5,0.0
2022-12-05,-0.011736691013938483,7.5,0.0
2022-12-06,-0.004645152157313426,7.5,0.0
2022-12-07,0.00010232033816492958,7.5,0.0
2022-12-08,-0.007552222921976437,7.5,0.0
2022-12-09,0.010894992607268783,7.5,0.0
2022-12-12,0.00676095272852173,7.5,0.0
2022-12-13,-0.004714879673450412,7.5,0.0
2022-12-14,2.6213572326128087e-06,7.5,0.0
2022-12-15,-0.022785987748172865,7.5,0.0
2022-12-16,0.005118814132640814,7.5,0.0
2022-12-19,-0.02060709965062557,7.5,0.0
2022-12-20,-0.0038599733413500203,7.5,0.0
2022-12-21,-0.006620166955955575,7.5,0.0
2022-12-22,0.007298685009740957,7.5,0.0
2022-12-23,-0.006362130898245333,7.5,0.0
2022-12-26,-0.00040436921324893405,7.5,0.0
2022-12-27,0.022727880506999476,7.5,0.0
2022-12-28,-0.023241480596597697,7.5,0.0
2022-12-29,0.0019965244007096317,7.5,0.0
2022-12-30,0.013263139063366403,7.5,0.0
2023-01-02,-0.00911625294151186,7.5,0.0
2023-01-03,0.0006138369639483443,7.5,0.0
2023-01-04,-0.020119932882014524,7.5,0.0
2023-01-05,-0.023831687045547945,7.5,0.0
2023-01-06,0.011131635333065937,7.5,0.0
2023-01-09,-0.004607154002314928,7.5,0.0
2023-01-10,-0.019390272700544386,7.5,0.0
2023-01-11,-0.006800684242995736,7.5,0.0
2023-01-12,0.009366515993327162,7.5,0.0
2023-01-13,0.008568475758202965,7.5,0.0
2023-01-16,0.016016012582394268,7.5,0.0
2023-01-17,-0.0072599527758860916,7.5,0.0
2023-01-18,-0.009111548626217214,7.5,0.0
2023-01-19,0.005263220943323432,7.5,0.0
2023-01-20,0.015301433425016775,7.5,0.0
2023-01-23,-0.005318378425291925,7.5,0.0
2023-01-24,0.014672867104472687,7.5,0.0
2023-01-25,-0.004702047303635659,7.5,0.0
2023-01-26,0.030861779135631373,7.5,0.0
2023-01-27,-0.025495108557331392,7.5,0.0
2023-01-30,0.0233225231531895,7.5,0.0
2023-01-31,-0.022162203025382965,7.5,0.0
2023-02-01,0.01864760040493163,7.5,0.0
2023-02-02,0.001587009641844439,7.5,0.0
2023-02-03,-0.006500143577974349,7.5,0.0
2023-02-06,-0.013331553583876499,7.5,0.0
2023-02-07,-0.013621832156408331,7.5,0.0
2023-02-08,0.010526339349318903,7.5,0.0
2023-02-09,0.007204638209724834,7.5,0.0
2023-02-10,-0.0025266679856725816,7.5,0.0
2023-02-13,-9.876363620087147e-05,7.5,0.0
2023-02-14,-0.012769217961436041,7.5,0.0
2023-02-15,-0.0016885117048390796,7.5,0.0
2023-02-16,0.01358761667576669,7.5,0.0
2023-02-17,-0.01331387993209976,7.5,0.0
2023-02-20,0.008117062716591406,7.5,0.0
2023-02-21,-0.006621702947319008,7.5,0.0
2023-02-22,-0.022613538993804916,7.5,0.0
2023-02-23,0.01622518247821514,7.5,0.0
2023-02-24,-0.020309207367771975,7.5,0.0
2023-02-27,-0.006672415999700476,7.5,0.0
2023-02-28,0.016338801532114644,7.5,0.0
2023-03-01,-0.011508161906641945,7.5,0.0
2023-03-02,0.014438301357306393,7.5,0.0
2023-03-03,-0.0064275235748452175,7.5,0.0
2023-03-06,-0.0011038376740328815,7.5,0.0
2023-03-07,0.028568212152078054,7.5,0.0
2023-03-08,0.017336859917502778,7.5,0.0
2023-03-09,0.0015927814940210894,7.5,0.0
2023-03-10,-0.009509858213547773,7.5,0.0
2023-03-13,0.0007032940418589817,7.5,0.0
2023-03-14,0.02504414594991644,7.5,0.0
2023-03-15,0.03288076370374249,7.5,0.0
2023-03-16,-0.008997480510549494,7.5,0.0
2023-03-17,0.021963675937371363,7.5,0.0
2023-03-20,-0.023367416816739706,7.5,0.0
2023-03-21,0.009123096120445595,7.5,0.0
2023-03-22,0.005915496311153845,7.5,0.0
2023-03-23,0.015916453828737076,7.5,0.0
2023-03-24,-0.012186132385308746,7.5,0.0
2023-03-27,0.002490257305873378,7.5,0.0
2023-03-28,-0.02762639630604813,7.5,0.0
2023-03-29,-0.009150978274608867,7.5,0.0
2023-03-30,4.494625988993306e-05,7.5,0.0
2023-03-31,0.0032176962388383856,7.5,0.0
2023-04-03,0.042179567495461256,7.5,0.0
2023-04-04,-0.0073409249047493574,7.5,0.0
2023-04-05,0.0006127652468554956,7.5,0.0
2023-04-06,-0.016980036922264574,7.5,0.0
2023-04-07,-0.02799594896994595,7.5,0.0
2023-04-10,0.013775323603621104,7.5,0.0
2023-04-11,0.013881792539526927,7.5,0.0
2023-04-12,-0.02033160809721135,7.5,0.0
2023-04-13,-0.02504686342032869,7.5,0.0
2023-04-14,-0.009238224145886598,7.5,0.0
2023-04-17,0.02530538680265959,7.5,0.0
2023-04-18,-0.022022120238234244,7.5,0.0
2023-04-19,0.010526952865429706,7.5,0.0
2023-04-20,0.0022713994592828968,7.5,0.0
2023-04-21,-0.004227261812313365,7.5,0.0
2023-04-24,-0.008769024029327888,7.5,0.0
2023-04-25,0.003974730692102746,7.5,0.0
2023-04-26,-0.004361925999814886,7.5,0.0
2023-04-27,-0.005689805980484408,7.5,0.0
2023-04-28,-0.002813096262332948,7.5,0.0
2023-05-01,0.016974337308238496,7.5,0.0
2023-05-02,0.003492621529258777,7.5,0.0
2023-05-03,0.0013342788677732642,7.5,0.0
2023-05-04,0.021038681876616394,7.5,0.0
2023-05-05,-0.003722226793460237,7.5,0.0
2023-05-08,0.021792563500089734,7.5,0.0
2023-05-09,-0.009837184438608482,7.5,0.0
2023-05-10,0.008267233700391508,7.5,0.0
2023-05-11,-0.004546549341386985,7.5,0.0
2023-05-12,-0.0007274441467481907,7.5,0.0
2023-05-15,-0.009348588536378877,7.5,0.0
2023-05-16,-0.004130800669399193,7.5,0.0
2023-05-17,-0.010208863140056756,7.5,0.0
2023-05-18,0.006342776993490951,7.5,0.0
2023-05-19,-0.012071522223177311,7.5,0.0
2023-05-22,0.008348365727349538,7.5,0.0
2023-05-23,0.03550598798264293,7.5,0.0
2023-05-24,-0.02302561939824166,7.5,0.0
2023-05-25,-0.0352818206645793,7.5,0.0
2023-05-26,-0.01452293294448026,7.5,0.0
2023-05-29,0.011449451987741277,7.5,0.0
2023-05-30,-0.010367400025625528,7.5,0.0
2023-05-31,0.00896221631525762,7.5,0.0
2023-06-01,0.014538318747256085,7.5,0.0
2023-06-02,-0.0034661717609454357,7.5,0.0
2023-06-05,0.01357152376497428,7.5,0.0
2023-06-06,-0.033742526600041955,7.5,0.0
2023-06-07,0.012817990964627768,7.5,0.0
2023-06-08,0.012289550598886478,7.5,0.0
2023-06-09,-0.0011914929268517227,7.5,0.0
2023-06-12,0.015353048439703976,7.5,0.0
2023-06-13,0.021914443268695294,7.5,0.0
2023-06-14,0.029292308728072314,7.5,0.0
2023-06-15,0.029418739433461738,7.5,0.0
2023-06-16,0.0011328829397339035,7.5,0.0
2023-06-19,-0.001818257995111594,7.5,0.0
2023-06-20,-0.0008715192900536906,7.5,0.0
2023-06-21,-0.03981735435454681,7.5,0.0
2023-06-22,0.010772351714559925,7.5,0.0
2023-06-23,0.035540335418518865,7.5,0.0
2023-06-26,0.008787503232920102,7.5,0.0
2023-06-27,-0.021022182674382606,7.5,0.0
2023-06-28,-0.014620375461636748,7.5,0.0
2023-06-29,-0.013776386031247867,7.5,0.0
2023-06-30,0.02515577972017624,7.5,0.0
2023-07-03,0.007835907288749944,7.5,0.0
2023-07-04,0.009871929508877386,7.5,0.0
2023-07-05,0.005602945708728768,7.5,0.0
2023-07-06,-0.016372180945031012,7.5,0.0
2023-07-07,-0.013858660628022434,7.5,0.0
2023-07-10,0.010511077271949887,7.5,0.0
2023-07-11,0.0015931732082234973,7.5,0.0
2023-07-12,-0.02757147629037693,7.5,0.0
2023-07-13,0.012090404955739764,7.5,0.0
2023-07-14,0.02155094538491653,7.5,0.0
2023-07-17,0.0003958782180379927,7.5,0.0
2023-07-18,-0.004439467689438814,7.5,0.0
2023-07-19,0.020786885380786657,7.5,0.0
2023-07-20,-0.0026359764343730774,7.5,0.0
2023-07-21,-0.008907328985024776,7.5,0.0
2023-07-24,-0.030777553548491987,8.5,1.0
2023-07-25,-0.007067982035003695,8.5,0.0
2023-07-26,0.028305009472705756,8.5,0.0
2023-07-27,0.01775707069880461,8.5,0.0
2023-07-28,0.0020904722863051006,8.5,0.0
2023-07-31,0.00021189063709137201,8.5,0.0
2023-08-01,0.015144589803270492,8.5,0.0
2023-08-02,0.0018345210344268281,8.5,0.0
2023-08-03,-0.018658571085074627,8.5,0.0
2023-08-04,0.0024643803865878056,8.5,0.0
2023-08-07,0.0029326538235814326,8.5,0.0
2023-08-08,0.0004935668386014669,8.5,0.0
2023-08-09,0.00416174906409239,8.5,0.0
2023-08-10,-0.010093511795757237,8.5,0.0
2023-08-11,0.0026260812353360308,8.5,0.0
2023-08-14,-0.023749179588931746,8.5,0.0
2023-08-15,-0.013509471363177816,8.5,0.0
2023-08-16,-0.003357826552257137,8.5,0.0
2023-08-17,0.009338063466376667,8.5,0.0
2023-08-18,-0.004159970814823666,8.5,0.0
2023-08-21,0.0069029758860947865,8.5,0.0
2023-08-22,0.01564016186922057,8.5,0.0
2023-08-23,0.03660349905830529,8.5,0.0
2023-08-24,-0.004097156638163568,8.5,0.0
2023-08-25,-0.009355970710625883,8.5,0.0
2023-08-28,0.0008788370331043183,8.5,0.0
2023-08-29,0.0032763900804582136,8.5,0.0
2023-08-30,0.00849185073860248,8.5,0.0
2023-08-31,0.012488302615532021,8.5,0.0
2023-09-01,-0.003935891533435765,8.5,0.0
2023-09-04,0.011204018625546652,8.5,0.0
2023-09-05,0.001529492695432566,8.5,0.0
2023-09-06,0.018710574620669718,8.5,0.0
2023-09-07,-0.003882189505807432,8.5,0.0
2023-09-08,0.002403834035201058,8.5,0.0
2023-09-11,0.004353842555410381,8.5,0.0
2023-09-12,0.01728787893832795,8.5,0.0
2023-09-13,0.00023844739546952098,8.5,0.0
2023-09-14,-0.015249058239705349,8.5,0.0
2023-09-15,-0.025134326981802957,8.5,0.0
2023-09-18,-0.020189852160298116,13.0,4.5
2023-09-19,0.009904117647701938,13.0,0.0
2023-09-20,0.025229212905200527,13.0,0.0
2023-09-21,0.0016869969399184725,13.0,0.0
2023-09-22,0.001598966342699626,13.0,0.0
2023-09-25,0.0029904973639514054,13.0,0.0
2023-09-26,-0.007740572648232913,13.0,0.0
2023-09-27,-0.0102569627918907,13.0,0.0
2023-09-28,0.006875946071957628,13.0,0.0
2023-09-29,0.018012662603577922,13.0,0.0
2023-10-02,0.009357125371185049,13.0,0.0
2023-10-03,-0.006914977871376848,13.0,0.0
2023-10-04,0.006669728626016891,13.0,0.0
2023-10-05,0.0029469574562792644,13.0,0.0
2023-10-06,-0.008150284255929563,13.0,0.0
2023-10-09,-0.018037633931010433,13.0,0.0
2023-10-10,-0.012159131813792357,13.0,0.0
2023-10-11,0.01823222708958916,13.0,0.0
2023-10-12,0.004104276565550791,13.0,0.0
2023-10-13,-0.008836849191137475,13.0,0.0
2023-10-16,0.0014484828595993093,13.0,0.0
2023-10-17,0.009462726773229235,13.0,0.0
2023-10-18,-0.007802201727004743,13.0,0.0
2023-10-19,-0.011175225106210718,13.0,0.0
2023-10-20,-0.026346022849917716,13.0,0.0
2023-10-23,0.016628235623381116,13.0,0.0
2023-10-24,0.00911883691360238,13.0,0.0
2023-10-25,0.01034083604075775,13.0,0.0
2023-10-26,0.008728809347163136,13.0,0.0
2023-10-27,-0.030113873502013888,13.0,0.0
2023-10-30,-0.014055878097993357,15.0,2.0
2023-10-31,0.007049521164157468,15.0,0.0
2023-11-01,0.001360990130347517,15.0,0.0
2023-11-02,-0.034969929106663855,15.0,0.0
2023-11-03,-0.0015720962357406165,15.0,0.0
2023-11-06,-0.0035592968831235083,15.0,0.0
2023-11-07,0.015862629530259298,15.0,0.0
2023-11-08,-0.0012589613986833115,15.0,0.0
2023-11-09,-0.007502730836145943,15.0,0.0
2023-11-10,-0.007511520536906957,15.0,0.0
2023-11-13,0.01114270217078861,15.0,0.0
2023-11-14,0.010387585742998695,15.0,0.0
2023-11-15,-0.0029095919010941884,15.0,0.0
2023-11-16,-0.005683249789431244,15.0,0.0
2023-11-17,-0.034229478000106894,15.0,0.0
2023-11-20,-0.030324733636870604,15.0,0.0
2023-11-21,-0.012231750551546128,15.0,0.0
2023-11-22,-0.0018581781949480458,15.0,0.0
2023-11-23,-0.011564433543086672,15.0,0.0
2023-11-24,-0.022412037718264166,15.0,0.0
2023-11-27,-0.0002524600358801976,15.0,0.0
2023-11-28,-2.7062847794745437e-05,15.0,0.0
2023-11-29,0.019938502346179554,15.0,0.0
2023-11-30,-0.005080759659039202,15.0,0.0
2023-12-01,-0.0032199523773721594,15.0,0.0
2023-12-04,-0.01045626389189902,15.0,0.0
2023-12-05,0.039357835176589084,15.0,0.0
2023-12-06,0.009970939822333769,15.0,0.0
2023-12-07,-0.01212529445518662,15.0,0.0
2023-12-08,-0.02924984799210595,15.0,0.0
2023-12-11,-0.019032387783820326,15.0,0.0
2023-12-12,-0.013488469361832678,15.0,0.0
2023-12-13,-0.020127167429453863,15.0,0.0
2023-12-14,-0.0014804728523527544,15.0,0.0
2023-12-15,-0.014953317252224707,15.0,0.0
2023-12-18,-0.03177510471658085,16.0,1.0
2023-12-19,0.009863755736424729,16.0,0.0
2023-12-20,-0.022815829878281235,16.0,0.0
2023-12-21,-0.03799954968931729,16.0,0.0
2023-12-22,0.014355440292225907,16.0,0.0
2023-12-25,0.027156122769209645,16.0,0.0
2023-12-26,0.0009051055887496773,16.0,0.0
2023-12-27,0.010597138800489958,16.0,0.0
2023-12-28,0.010370762275564438,16.0,0.0
2023-12-29,0.0356285331210513,16.0,0.0
2024-01-01,-0.014554574201347314,16.0,0.0
2024-01-02,-0.006511586484807097,16.0,0.0
2024-01-03,-0.00628596595133768,16.0,0.0
2024-01-04,0.0011125985476221345,16.0,0.0
2024-01-05,-0.002809447985196556,16.0,0.0
2024-01-08,-0.000933827635543949,16.0,0.0
2024-01-09,0.002440373854400768,16.0,0.0
2024-01-10,0.029970065717757066,16.0,0.0
2024-01-11,0.004410479172571868,16.0,0.0
2024-01-12,0.012741234166383286,16.0,0.0
2024-01-15,0.010318595940185027,16.0,0.0
2024-01-16,0.005646670982208946,16.0,0.0
2024-01-17,-0.0036956347789312005,16.0,0.0
2024-01-18,0.012371297683702487,16.0,0.0
2024-01-19,-0.025959598677771645,16.0,0.0
2024-01-22,0.023398358626579352,16.0,0.0
2024-01-23,0.010312978032297693,16.0,0.0
2024-01-24,0.0018068716056767187,16.0,0.0
2024-01-25,0.00011085698314428072,16.0,0.0
2024-01-26,0.003598600510262173,16.0,0.0
2024-01-29,0.012504345029570096,16.0,0.0
2024-01-30,0.007244243956747276,16.0,0.0
2024-01-31,0.02078052517247997,16.0,0.0
2024-02-01,0.026024715354970418,16.0,0.0
2024-02-02,0.01670954801498503,16.0,0.0
2024-02-05,-0.0220731159021339,16.0,0.0
2024-02-06,-0.007517968938234532,16.0,0.0
2024-02-07,0.014958555539172913,16.0,0.0
2024-02-08,0.03225487299001273,16.0,0.0
2024-02-09,-0.008503702886876852,16.0,0.0
2024-02-12,0.00930078810258017,16.0,0.0
2024-02-13,0.018718934992479674,16.0,0.0
2024-02-14,0.0018895950141359918,16.0,0.0
2024-02-15,-0.017970989327933395,16.0,0.0
2024-02-16,0.02962897466099257,16.0,0.0
2024-02-19,-0.012723011982032517,16.0,0.0
2024-02-20,-0.010801163761989585,16.0,0.0
2024-02-21,0.004325596132643383,16.0,0.0
2024-02-22,0.0011276673591638087,16.0,0.0
2024-02-23,-0.013460151427235445,16.0,0.0
2024-02-26,0.025444318367529917,16.0,0.0
2024-02-27,0.008110019773260646,16.0,0.0
2024-02-28,0.013881569009731365,16.0,0.0
2024-02-29,-0.0003480581722765663,16.0,0.0
2024-03-01,0.00019805043673848388,16.0,0.0
2024-03-04,0.02014267795118485,16.0,0.0
2024-03-05,-0.0075024882309691066,16.0,0.0
2024-03-06,-0.0050435605663228245,16.0,0.0
2024-03-07,0.007293553966384536,16.0,0.0
2024-03-08,0.01386522463772799,16.0,0.0
2024-03-11,0.013908988009184498,16.0,0.0
2024-03-12,-0.013834327367275634,16.0,0.0
2024-03-13,-0.015950443992027274,16.0,0.0
2024-03-14,-0.012424892984338243,16.0,0.0
2024-03-15,0.013558493476759637,16.0,0.0
2024-03-18,0.013538905229339093,16.0,0.0
2024-03-19,0.00510946808992685,16.0,0.0
2024-03-20,0.0047532366999778475,16.0,0.0
2024-03-21,-0.024470890941717727,16.0,0.0
2024-03-22,0.005085430028088922,16.0,0.0
2024-03-25,-0.02330007565247172,16.0,0.0
2024-03-26,0.012685165358114148,16.0,0.0
2024-03-27,-0.00442875626909256,16.0,0.0
2024-03-28,0.003934452200528682,16.0,0.0
2024-03-29,-0.0029011558895870593,16.0,0.0
2024-04-01,-0.0009030002093179945,16.0,0.0
2024-04-02,-0.01640764182323018,16.0,0.0
2024-04-03,-0.0022319638208685433,16.0,0.0
2024-04-04,-0.0006460692420073855,16.0,0.0
2024-04-05,0.0033998188728610046,16.0,0.0
2024-04-08,0.008469715731177274,16.0,0.0
2024-04-09,0.007505064763828173,16.0,0.0
2024-04-10,0.004344515324540055,16.0,0.0
2024-04-11,-0.009484665580203,16.0,0.0
2024-04-12,-0.019192543349802804,16.0,0.0
2024-04-15,-0.014736239565030118,16.0,0.0
2024-04-16,-0.011962664105983123,16.0,0.0
2024-04-17,0.012995201577762572,16.0,0.0
2024-04-18,0.016433007732311822,16.0,0.0
2024-04-19,-0.011647667941355522,16.0,0.0
2024-04-22,-0.017100146498677304,16.0,0.0
2024-04-23,-0.024038231734310855,16.0,0.0
2024-04-24,-0.00905550986386583,16.0,0.0
2024-04-25,0.0065356613150973075,16.0,0.0
2024-04-26,-0.01601462518411445,16.0,0.0
2024-04-29,0.018092048932516036,16.0,0.0
2024-04-30,0.005800179045456488,16.0,0.0
2024-05-01,0.016291563996363223,16.0,0.0
2024-05-02,-0.011647926212248194,16.0,0.0
2024-05-03,0.010981737379031742,16.0,0.0
2024-05-06,-0.016339933917747018,16.0,0.0
2024-05-07,0.010677148155794569,16.0,0.0
2024-05-08,0.02191114577193609,16.0,0.0
2024-05-09,0.021692554152553,16.0,0.0
2024-05-10,-0.0076695785053857435,16.0,0.0
2024-05-13,-0.012934311100311291,16.0,0.0
2024-05-14,-0.0021863920644484836,16.0,0.0
2024-05-15,0.023866054169472406,16.0,0.0
2024-05-16,-0.02013432242819313,16.0,0.0
2024-05-17,-0.022399095018885262,16.0,0.0
2024-05-20,-0.03038280489119316,16.0,0.0
2024-05-21,0.0017138894184149933,16.0,0.0
2024-05-22,-0.025188618109443617,16.0,0.0
2024-05-23,0.01816350151384949,16.0,0.0
2024-05-24,0.024911956698515425,16.0,0.0
2024-05-27,-0.0017526436314838634,16.0,0.0
2024-05-28,0.036196189628398656,16.0,0.0
2024-05-29,0.0038025121844444953,16.0,0.0
2024-05-30,-0.007273541851812837,16.0,0.0
2024-05-31,-0.007519888394785568,16.0,0.0
2024-06-03,0.021794289911374776,16.0,0.0
2024-06-04,0.012192135897999279,16.0,0.0
2024-06-05,-0.030154065797770357,16.0,0.0
2024-06-06,-0.027903263587930383,16.0,0.0
2024-06-07,-0.021742054310771586,16.0,0.0
2024-06-10,-0.008589112913584884,16.0,0.0
2024-06-11,-0.01918320932674611,16.0,0.0
2024-06-12,-0.011168670150781601,16.0,0.0
2024-06-13,-0.01204178900429298,16.0,0.0
2024-06-14,-0.016507615524940178,16.0,0.0
2024-06-17,0.03209278065077026,16.0,0.0
2024-06-18,0.021588359190284123,16.0,0.0
2024-06-19,0.02699952848619791,16.0,0.0
2024-06-20,0.025476021528817228,16.0,0.0
2024-06-21,-0.0007627253786832711,16.0,0.0
2024-06-24,0.001959740160348389,16.0,0.0
2024-06-25,-0.013614586917020333,16.0,0.0
2024-06-26,0.0025256503644044415,16.0,0.0
2024-06-27,-0.014703889184582764,16.0,0.0
2024-06-28,-0.02373590392940006,16.0,0.0
2024-07-01,-0.011205414209153552,16.0,0.0
2024-07-02,0.013382186625463532,16.0,0.0
2024-07-03,0.001754870742483483,16.0,0.0
2024-07-04,0.009342788990376327,16.0,0.0
2024-07-05,0.0005564348066968705,16.0,0.0
2024-07-08,-0.013480714032262142,16.0,0.0
2024-07-09,0.008092161355791383,16.0,0.0
2024-07-10,0.001722485511486127,16.0,0.0
2024-07-11,0.02003867161592776,16.0,0.0
2024-07-12,0.02062466657861961,16.0,0.0
2024-07-15,-0.004144771013065096,16.0,0.0
2024-07-16,0.0021194598806744125,16.0,0.0
2024-07-17,-0.013129963573323522,16.0,0.0
2024-07-18,-0.012596626045141335,16.0,0.0
2024-07-19,-0.008348408270435037,16.0,0.0
2024-07-22,0.007681284986264636,16.0,0.0
2024-07-23,-0.007503047553854891,16.0,0.0
2024-07-24,0.023480854799138307,16.0,0.0
2024-07-25,0.007402108635853111,16.0,0.0
2024-07-26,-0.019728198227909388,18.0,2.0
2024-07-29,0.015536815739768173,18.0,0.0
2024-07-30,-0.010723834424242185,18.0,0.0
2024-07-31,-0.009365294484066311,18.0,0.0
2024-08-01,0.02050889221382235,18.0,0.0
2024-08-02,-0.019299183715141055,18.0,0.0
2024-08-05,-0.0019446354854784076,18.0,0.0
2024-08-06,-0.0053940750568504114,18.0,0.0
2024-08-07,-0.010703929490508912,18.0,0.0
2024-08-08,0.015087223782143333,18.0,0.0
2024-08-09,0.013238302831938498,18.0,0.0
2024-08-12,0.0104582124915229,18.0,0.0
2024-08-13,0.0006452640396279463,18.0,0.0
2024-08-14,0.009924906869770211,18.0,0.0
2024-08-15,-0.02973298671512481,18.0,0.0
2024-08-16,-0.005770850579306597,18.0,0.0
2024-08-19,0.0008619718430376011,18.0,0.0
2024-08-20,-0.008543096259332472,18.0,0.0
2024-08-21,0.0030866261642614745,18.0,0.0
2024-08-22,0.03603662079004355,18.0,0.0
2024-08-23,0.0019901279730270005,18.0,0.0
2024-08-26,0.006470124038939318,18.0,0.0
2024-08-27,0.0033410727770597504,18.0,0.0
2024-08-28,-0.017670657716781335,18.0,0.0
2024-08-29,-0.022020765258515596,18.0,0.0
2024-08-30,-0.0240027198914321,18.0,0.0
2024-09-02,0.004516108489818649,18.0,0.0
2024-09-03,-0.030290442151025054,18.0,0.0
2024-09-04,0.009942970119406702,18.0,0.0
2024-09-05,-0.0027320333000844244,18.0,0.0
2024-09-06,0.007078877371949233,18.0,0.0
2024-09-09,-0.019600966601089453,18.0,0.0
2024-09-10,0.023589906374771097,18.0,0.0
2024-09-11,-0.0005860503818162499,18.0,0.0
2024-09-12,-0.028100479055240157,18.0,0.0
2024-09-13,0.010802804389168585,19.0,1.0
2024-09-16,-0.01879929315306139,19.0,0.0
2024-09-17,-0.018029094853160288,19.0,0.0
2024-09-18,-0.017665109558704373,19.0,0.0
2024-09-19,-0.004354987702274826,19.0,0.0
2024-09-20,0.009108517188955112,19.0,0.0
2024-09-23,0.00867212242204829,19.0,0.0
2024-09-24,0.0381205666876161,19.0,0.0
2024-09-25,-0.009650927046666702,19.0,0.0
2024-09-26,-0.006550122253999646,19.0,0.0
2024-09-27,-0.020154579733926425,19.0,0.0
2024-09-30,-0.01615260930654827,19.0,0.0
2024-10-01,0.017109988567436396,19.0,0.0
2024-10-02,-0.007246560988754425,19.0,0.0
2024-10-03,0.007076048553794401,19.0,0.0
2024-10-04,0.0007803606357326132,19.0,0.0
2024-10-07,-0.015453522120224328,19.0,0.0
2024-10-08,-0.012062988186471557,19.0,0.0
2024-10-09,-0.02782757892356358,19.0,0.0
2024-10-10,-0.002744555583841901,19.0,0.0
2024-10-11,0.0014871797412716603,19.0,0.0
2024-10-14,-0.0042600137431128005,19.0,0.0
2024-10-15,0.015200645407390745,19.0,0.0
2024-10-16,-0.019568331746068424,19.0,0.0
2024-10-17,0.00099747814779505,19.0,0.0
2024-10-18,-0.014757248335176776,19.0,0.0
2024-10-21,0.0060108081917826794,19.0,0.0
2024-10-22,-0.01315077506476836,19.0,0.0
2024-10-23,0.012488558715018527,19.0,0.0
2024-10-24,0.009860417770253704,19.0,0.0
2024-10-25,-0.01070932090250487,21.0,2.0
2024-10-28,0.004173552027185501,21.0,0.0
2024-10-29,0.004586158200397428,21.0,0.0
2024-10-30,0.005299190994414005,21.0,0.0
2024-10-31,0.00827710059987119,21.0,0.0
2024-11-01,-0.005021485306684781,21.0,0.0
2024-11-04,-0.016512218560002623,21.0,0.0
2024-11-05,-0.00035689608523092886,21.0,0.0
2024-11-06,0.007995124271356957,21.0,0.0
2024-11-07,0.00797397336695127,21.0,0.0
2024-11-08,0.026250829196968084,21.0,0.0
2024-11-11,-0.007189561202591399,21.0,0.0
2024-11-12,-0.020861754431865442,21.0,0.0
2024-11-13,-0.00787242983023706,21.0,0.0
2024-11-14,-0.006038911701914174,21.0,0.0
2024-11-15,-0.011774356210468184,21.0,0.0
2024-11-18,-0.015288090197440596,21.0,0.0
2024-11-19,-0.0017455732671605162,21.0,0.0
2024-11-20,-0.0007366719493182572,21.0,0.0
2024-11-21,-0.015274072690219853,21.0,0.0
2024-11-22,-0.016866539242292866,21.0,0.0
2024-11-25,0.005849447146955455,21.0,0.0
2024-11-26,0.007373804154118702,21.0,0.0
2024-11-27,-0.011979924435662426,21.0,0.0
2024-11-28,-0.002280077413407966,21.0,0.0
2024-11-29,0.007749342891214539,21.0,0.0
2024-12-02,0.0022614254236330567,21.0,0.0
2024-12-03,0.0237387183079365,21.0,0.0
2024-12-04,-0.019832961474569366,21.0,0.0
2024-12-05,-0.023051537633870467,21.0,0.0
2024-12-06,0.011142436166347025,21.0,0.0
2024-12-09,0.005551774018001332,21.0,0.0
2024-12-10,-0.007920659745650482,21.0,0.0
2024-12-11,0.016608881431954714,21.0,0.0
2024-12-12,-0.009374677452908209,21.0,0.0
2024-12-13,0.007978176223857325,21.0,0.0
2024-12-16,-0.0023916329512863044,21.0,0.0
2024-12-17,-0.011325470440861629,21.0,0.0
2024-12-18,-0.006058349512271022,21.0,0.0
2024-12-19,0.017872876273892224,21.0,0.0
2024-12-20,-0.005493699153935161,21.0,0.0
2024-12-23,0.022923861065853757,21.0,0.0
2024-12-24,0.0026314301525918182,21.0,0.0
2024-12-25,-0.0035039207499352187,21.0,0.0
2024-12-26,-0.014763896982227465,21.0,0.0
2024-12-27,0.01044751892696194,21.0,0.0
2024-12-30,0.0033921540402754857,21.0,0.0
2024-12-31,-0.0008741257454429885,21.0,0.0
2025-01-01,0.0017986171522705874,21.0,0.0
2025-01-02,-0.0015215091418969706,21.0,0.0
2025-01-03,-0.017649208332260358,21.0,0.0
2025-01-06,0.010117376845395931,21.0,0.0
2025-01-07,0.028157237410076696,21.0,0.0
2025-01-08,0.025770398500398528,21.0,0.0
2025-01-09,0.0018830740306130522,21.0,0.0
2025-01-10,-0.0035027940480469866,21.0,0.0
2025-01-13,0.0015696937561795465,21.0,0.0
2025-01-14,-0.009020907336149797,21.0,0.0
2025-01-15,0.004515460268018856,21.0,0.0
2025-01-16,0.005917324078144048,21.0,0.0
2025-01-17,-0.017743636552256525,21.0,0.0
2025-01-20,-0.004632776575196118,21.0,0.0
2025-01-21,0.013413025374285681,21.0,0.0
2025-01-22,0.013807031110534496,21.0,0.0
2025-01-23,-0.018574583260900113,21.0,0.0
2025-01-24,0.01673782330862128,21.0,0.0
2025-01-27,-0.003985461230284315,21.0,0.0
2025-01-28,-0.00010058002575430436,21.0,0.0
2025-01-29,-0.0021447599091448666,21.0,0.0
2025-01-30,-0.03140558094096768,21.0,0.0
2025-01-31,0.006616101790841711,21.0,0.0
2025-02-03,-0.023829701208174292,21.0,0.0
2025-02-04,0.012751144483558186,21.0,0.0
2025-02-05,-0.01923146790484065,21.0,0.0
2025-02-06,0.016202605249660884,21.0,0.0
2025-02-07,0.003766171534262952,21.0,0.0
2025-02-10,0.009425839998979946,21.0,0.0
2025-02-11,-0.01045509214947593,21.0,0.0
2025-02-12,-0.026834693477219673,21.0,0.0
2025-02-13,-0.014414875676592942,21.0,0.0
2025-02-14,0.005112503707478844,21.0,0.0
2025-02-17,0.007151630933951658,21.0,0.0
2025-02-18,-0.0126088882730917,21.0,0.0
2025-02-19,0.020180819100307446,21.0,0.0
2025-02-20,1.4430051058056392e-05,21.0,0.0
2025-02-21,-0.024305596801066365,21.0,0.0
2025-02-24,0.004339017691386005,21.0,0.0
2025-02-25,-0.011291313821271132,21.0,0.0
2025-02-26,0.012632323887709518,21.0,0.0
2025-02-27,0.0036743024590322193,21.0,0.0
2025-02-28,0.002557348247799851,21.0,0.0
2025-03-03,-0.004032808655026088,21.0,0.0
2025-03-04,0.017148493265676912,21.0,0.0
2025-03-05,-0.01333364463483555,21.0,0.0
2025-03-06,0.0053442871058200225,21.0,0.0
2025-03-07,0.0009292221705710091,21.0,0.0
2025-03-10,-0.015201565490504443,21.0,0.0
2025-03-11,-0.0008300229373281454,21.0,0.0
2025-03-12,-0.01389298609270817,21.0,0.0
2025-03-13,0.03090647991811135,21.0,0.0
2025-03-14,0.015538754598301452,21.0,0.0
2025-03-17,-0.024206822527763627,21.0,0.0
2025-03-18,-0.006458980313383655,21.0,0.0
2025-03-19,0.00944385486119792,21.0,0.0
2025-03-20,0.017906165710418698,21.0,0.0
2025-03-21,0.01337721883910259,21.0,0.0
2025-03-24,0.028870851335052627,21.0,0.0
2025-03-25,0.0023023687390075764,21.0,0.0
2025-03-26,0.0195276575856953,21.0,0.0
2025-03-27,-0.017087801606363584,21.0,0.0
2025-03-28,0.013357528365001592,21.0,0.0
2025-03-31,-0.0028445301485504615,21.0,0.0
2025-04-01,-0.001900069671323834,21.0,0.0
2025-04-02,0.021008868484811316,21.0,0.0
2025-04-03,0.014829583150404169,21.0,0.0
2025-04-04,-0.0022219381849151176,21.0,0.0
2025-04-07,0.03858345245104289,21.0,0.0
2025-04-08,0.01918244548170911,21.0,0.0
2025-04-09,-0.006326539406209086,21.0,0.0
2025-04-10,-0.03604266342951856,21.0,0.0
2025-04-11,0.004467179099597374,21.0,0.0
2025-04-14,-0.005565827478690721,21.0,0.0
2025-04-15,-0.009098079819652938,21.0,0.0
2025-04-16,-0.007134182383837562,21.0,0.0
2025-04-17,0.0025969710059134954,21.0,0.0
2025-04-18,0.020023687696687276,21.0,0.0
2025-04-21,-0.014404773388020153,21.0,0.0
2025-04-22,-0.0007557052065783054,21.0,0.0
2025-04-23,-0.0027262667789820227,21.0,0.0
2025-04-24,-0.012056603274333888,21.0,0.0
2025-04-25,0.004519436775670016,21.0,0.0
2025-04-28,0.02688167009018816,21.0,0.0
2025-04-29,0.009542679178827562,21.0,0.0
2025-04-30,0.001366709585045811,21.0,0.0
2025-05-01,-0.0062817327193887,21.0,0.0
2025-05-02,0.0010018102427151732,21.0,0.0
2025-05-05,-0.02546314421183915,21.0,0.0
2025-05-06,-0.0006026698932997121,21.0,0.0
2025-05-07,-0.0025994964434508105,21.0,0.0
2025-05-08,0.007460292145038849,21.0,0.0
2025-05-09,0.014527570504180076,21.0,0.0
2025-05-12,0.01147994133601049,21.0,0.0
2025-05-13,-0.001679058455922977,21.0,0.0
2025-05-14,-0.007461139035441988,21.0,0.0
2025-05-15,-0.009110896095060994,21.0,0.0
2025-05-16,-0.011425588520163288,21.0,0.0
2025-05-19,-0.008925972569390872,21.0,0.0
2025-05-20,-0.0015469114618458235,21.0,0.0
2025-05-21,-0.01800378073478104,21.0,0.0
2025-05-22,0.006948428870443557,21.0,0.0
2025-05-23,-0.001327608074953801,21.0,0.0
2025-05-26,-0.012223286056461724,21.0,0.0
2025-05-27,-0.009301945108632914,21.0,0.0
2025-05-28,0.012883651685717368,21.0,0.0
2025-05-29,0.013862299277573875,21.0,0.0
2025-05-30,0.036130819194091224,21.0,0.0
2025-06-02,0.008806842630027845,21.0,0.0
2025-06-03,-0.009834076914644108,21.0,0.0
2025-06-04,-0.01051718672132651,21.0,0.0
2025-06-05,0.006137283098198054,21.0,0.0
2025-06-06,0.012384549796830235,21.0,0.0
2025-06-09,0.02141619804360584,21.0,0.0
2025-06-10,-0.012813388963477834,21.0,0.0
2025-06-11,0.0018146940245804544,21.0,0.0
2025-06-12,-0.01712388773444129,21.0,0.0
2025-06-13,0.005998120442567867,21.0,0.0
2025-06-16,-0.01490096839124,21.0,0.0
2025-06-17,0.022129115370245422,21.0,0.0
2025-06-18,-0.01137023503673884,21.0,0.0
2025-06-19,0.00943700492463595,21.0,0.0
2025-06-20,0.002566936589226465,21.0,0.0
2025-06-23,0.0010362691246506017,21.0,0.0
2025-06-24,-0.026764099576300104,21.0,0.0
2025-06-25,-0.0010665436903938286,21.0,0.0
2025-06-26,-0.01439326317648959,21.0,0.0
2025-06-27,-0.008475001159517603,21.0,0.0
2025-06-30,0.0076308146841590485,21.0,0.0
2025-07-01,0.041061430993024395,21.0,0.0
2025-07-02,0.02877308946270407,21.0,0.0
2025-07-03,0.008049542986115377,21.0,0.0
2025-07-04,0.006080891471287764,21.0,0.0
2025-07-07,-0.004962508663449938,21.0,0.0
2025-07-08,-0.014715526735549211,21.0,0.0
2025-07-09,0.006944621156512731,21.0,0.0
2025-07-10,-0.006366723253332651,21.0,0.0
2025-07-11,0.026643086981705366,21.0,0.0
2025-07-14,0.03249576827866729,21.0,0.0
2025-07-15,0.03240631165749264,21.0,0.0
2025-07-16,-0.009232448467770382,21.0,0.0
2025-07-17,-0.007309010720231157,21.0,0.0
2025-07-18,-0.01786378330145233,21.0,0.0
2025-07-21,0.01002597112782233,21.0,0.0
2025-07-22,-0.012522534987246203,21.0,0.0
2025-07-23,-0.008756600508047718,21.0,0.0
2025-07-24,-0.013013544255858989,21.0,0.0
2025-07-25,-0.00805250159358728,21.0,0.0
2025-07-28,0.025105888380083208,21.0,0.0
2025-07-29,-0.03670000602157497,21.0,0.0
2025-07-30,0.008188392317347137,21.0,0.0
2025-07-31,-0.011795979690951697,21.0,0.0
2025-08-01,0.03546319084126104,21.0,0.0
2025-08-04,0.012719782903098498,21.0,0.0
2025-08-05,-0.014981264956093199,21.0,0.0
2025-08-06,-0.008861239863548143,21.0,0.0
2025-08-07,-0.00824896307093681,21.0,0.0
2025-08-08,0.017559869931542238,21.0,0.0
2025-08-11,0.02571701103669799,21.0,0.0
2025-08-12,0.0026042626480595743,21.0,0.0
2025-08-13,-0.0018483161338700427,21.0,0.0
2025-08-14,0.0159561751586903,21.0,0.0
2025-08-15,0.0007104188888753526,21.0,0.0
2025-08-18,0.007319338746908599,21.0,0.0
2025-08-19,0.003619560701210389,21.0,0.0
2025-08-20,-0.011523882252166828,21.0,0.0
2025-08-21,0.020748945800479035,21.0,0.0
2025-08-22,-0.00857789212361304,21.0,0.0
2025-08-25,0.029366988730281207,21.0,0.0
2025-08-26,0.018002757533363223,21.0,0.0
2025-08-27,0.0032055127623991098,21.0,0.0
2025-08-28,-0.01835678519212891,21.0,0.0
2025-08-29,0.025437406454688727,21.0,0.0
2025-09-01,0.0050306721318289505,21.0,0.0
2025-09-02,0.013703534179903443,21.0,0.0
2025-09-03,0.022454030771418942,21.0,0.0
2025-09-04,-0.016500040729122034,21.0,0.0
2025-09-05,0.005754456659946783,21.0,0.0
2025-09-08,-0.005353892342107258,21.0,0.0
2025-09-09,0.0050923312950601485,21.0,0.0
2025-09-10,0.007156901620483325,21.0,0.0
2025-09-11,-0.024653608370277524,21.0,0.0
2025-09-12,-0.003121192145062679,21.0,0.0
2025-09-15,0.001644736546714043,21.0,0.0
2025-09-16,-0.018484876039977394,21.0,0.0
2025-09-17,-0.01073021314333289,21.0,0.0
2025-09-18,0.0021695229841469654,21.0,0.0
2025-09-19,0.01059363936583324,21.0,0.0
2025-09-22,-0.0019005591563114876,21.0,0.0
2025-09-23,-0.010181783317426252,21.0,0.0
2025-09-24,-0.014762568577985746,21.0,0.0
2025-09-25,-0.005059068798555444,21.0,0.0
2025-09-26,-0.011685342695068712,21.0,0.0
2025-09-29,0.009229736621458429,21.0,0.0
2025-09-30,0.004094987277746043,21.0,0.0
2025-10-01,-0.009453838174129814,21.0,0.0
2025-10-02,0.003720376292740468,21.0,0.0
2025-10-03,0.03525695261790496,21.0,0.0
2025-10-06,0.011585501739686421,21.0,0.0
2025-10-07,0.004119814479091488,21.0,0.0
2025-10-08,0.011056889204418496,21.0,0.0
2025-10-09,0.019263715382852098,21.0,0.0
2025-10-10,-0.02252026007965746,21.0,0.0
2025-10-13,-0.006091792185493716,21.0,0.0
2025-10-14,-0.008956429593412807,21.0,0.0
2025-10-15,-0.009385252777908804,21.0,0.0
2025-10-16,0.032014173377985955,21.0,0.0
2025-10-17,0.007954245050424191,21.0,0.0
2025-10-20,0.01703699622161814,21.0,0.0
2025-10-21,0.004783984029534949,21.0,0.0
2025-10-22,0.041592964238610364,21.0,0.0
2025-10-23,-0.02985058121272921,21.0,0.0
2025-10-24,-0.006965772043797003,21.0,0.0
2025-10-27,-0.006309319430210181,21.0,0.0
2025-10-28,-0.004931903213423183,21.0,0.0
2025-10-29,0.014017527600733715,21.0,0.0
2025-10-30,0.0016530664113254545,21.0,0.0
2025-10-31,0.010058006357416716,21.0,0.0
2025-11-03,0.015934620523841758,21.0,0.0
2025-11-04,0.0036811203576938567,21.0,0.0
2025-11-05,0.011227918950869054,21.0,0.0
2025-11-06,-0.006303664192145675,21.0,0.0
2025-11-07,-0.009373168374960272,21.0,0.0
2025-11-10,-0.012993007621467711,21.0,0.0
2025-11-11,0.0015661204966477271,21.0,0.0
2025-11-12,-0.014012116388428808,21.0,0.0
2025-11-13,-0.01574925930240667,21.0,0.0
2025-11-14,0.010071131135102718,21.0,0.0
2025-11-17,-0.013656183738410377,21.0,0.0
2025-11-18,0.00881143189305078,21.0,0.0
2025-11-19,-0.004532339591809986,21.0,0.0
2025-11-20,-0.00838027300662425,21.0,0.0
2025-11-21,0.0139293835816936,21.0,0.0
2025-11-24,0.015184666390934964,21.0,0.0
2025-11-25,0.0035129669172100364,21.0,0.0
2025-11-26,0.021450443880480563,21.0,0.0
2025-11-27,-0.024923305006389285,21.0,0.0
2025-11-28,0.01651256525499356,21.0,0.0
2025-12-01,-0.01175779018274703,21.0,0.0
2025-12-02,-0.0031629051602841685,21.0,0.0
2025-12-03,0.005678267900259826,21.0,0.0
2025-12-04,-0.010104549249673411,21.0,0.0
2025-12-05,-0.00033963061133412964,21.0,0.0
2025-12-08,-0.006101150546879097,21.0,0.0
2025-12-09,-0.003115337313099431,21.0,0.0
2025-12-10,0.03186748931421235,21.0,0.0
2025-12-11,-0.027549925259311436,21.0,0.0
2025-12-12,-0.0029206959018583944,21.0,0.0
2025-12-15,0.006192414009111857,21.0,0.0
2025-12-16,-0.01667481286969874,21.0,0.0
2025-12-17,-0.0022237455951561458,21.0,0.0
2025-12-18,0.004843153723101068,21.0,0.0
2025-12-19,0.005687778441755498,21.0,0.0
2025-12-22,0.012645137827679065,21.0,0.0
2025-12-23,0.016753509107317655,21.0,0.0
2025-12-24,-0.0046585463168682395,21.0,0.0
2025-12-25,0.0016135187835484288,21.0,0.0
2025-12-26,-0.020989820840839002,21.0,0.0
2025-12-29,-0.0004875633299619153,21.0,0.0
2025-12-30,-0.02146609242000963,21.0,0.0
2025-12-31,0.0004631064945819219,21.0,0.0
